lat	long
lat	long
"During the siege of Mariupol by the Russian invaders the young gymnast Yekaterina Dyachenko was died. This was reported by her coach Anastasia Meshchanenkova.
#RussianWarCrimes https://t.co/GGg2PMbZFU"	{'neg': 0.126, 'neu': 0.874, 'pos': 0.0, 'compound': -0.5574}
"Brought you some good news!
#WARINUKRAINE 
chytomo.com/en/serhii-shka‚Ä¶"	{'neg': 0.0, 'neu': 0.653, 'pos': 0.347, 'compound': 0.4926}
Stop financing war, AVITO! Stop making money on our blood! linkedin.com/posts/ihorniko‚Ä¶	{'neg': 0.526, 'neu': 0.474, 'pos': 0.0, 'compound': -0.8353}
@angler_mj @2828218 88888888 üéâhappy birthdayüéÇ	{'neg': 0.0, 'neu': 0.722, 'pos': 0.278, 'compound': 0.4019}
	{'neg': 0.0, 'neu': 0.0, 'pos': 0.0, 'compound': 0.0}
"Fuel duty cut by 5p a litre.

Which is actually 6p a litre because we tax tax in this country ü§°"	{'neg': 0.091, 'neu': 0.909, 'pos': 0.0, 'compound': -0.2732}
@suderenda GM, dear üòé	{'neg': 0.0, 'neu': 0.472, 'pos': 0.528, 'compound': 0.6808}
	{'neg': 0.0, 'neu': 0.0, 'pos': 0.0, 'compound': 0.0}
My respect to CME twitter.com/BoBeatsMusic/s‚Ä¶	{'neg': 0.0, 'neu': 0.563, 'pos': 0.437, 'compound': 0.4767}
	{'neg': 0.0, 'neu': 0.0, 'pos': 0.0, 'compound': 0.0}
	{'neg': 0.0, 'neu': 0.0, 'pos': 0.0, 'compound': 0.0}
	{'neg': 0.0, 'neu': 0.0, 'pos': 0.0, 'compound': 0.0}
That‚Äôs the thing, most Ukrainians don‚Äôt want to leave their home to live in a more prosperous place, they wanna stay home and see Ukraine be prosperous. Ukrainian men are coming back from abroad now to fight, most women and children only escape to survive and not get in the way.	{'neg': 0.065, 'neu': 0.768, 'pos': 0.167, 'compound': 0.7146}
Reality Bites johnwalcott.substack.com/p/reality-bite‚Ä¶	{'neg': 0.0, 'neu': 1.0, 'pos': 0.0, 'compound': 0.0}
	{'neg': 0.0, 'neu': 0.0, 'pos': 0.0, 'compound': 0.0}
@olgatokariuk These murderers will do anything..What do you expect from an army who brings mobile crematoriums to a neighbor country to burn their own soldiers?!! %100 fascist and %100 evil these bastards are for sure!!! Ukraine will win! Ukraine will prevail! üá∫üá¶üá∫üá¶	{'neg': 0.293, 'neu': 0.604, 'pos': 0.102, 'compound': -0.9241}
Survivors crying as they are given bread and soup. They‚Äôve lost everything. This is 2022. #Mariupol https://t.co/defq6TkXuT	{'neg': 0.265, 'neu': 0.735, 'pos': 0.0, 'compound': -0.6597}
"@FirstSquawk Wait, what? ""Vast majority""? Tricky bastards."	{'neg': 0.544, 'neu': 0.456, 'pos': 0.0, 'compound': -0.7149}
What he said. I'm not Ukrainian but desperate to get the family home. twitter.com/MaximEristavi/‚Ä¶	{'neg': 0.0, 'neu': 0.842, 'pos': 0.158, 'compound': 0.3491}
I believe, Ukraine will survive. But this ain't an easy thing, trust me. #stoprussia	{'neg': 0.159, 'neu': 0.614, 'pos': 0.228, 'compound': 0.3272}
"#Belarus closes the Consulate General of #Ukraine in Brest, Belarusian Ministry of Foreign Affairs reports
via @MotolkoHelp

 twitter.com/MarQs__/status‚Ä¶
#ukraine #ukrainewar #russia #Ukrainain #russian #ukraineinvasion 

twitter.com/nbahhanbahob/s‚Ä¶"	{'neg': 0.0, 'neu': 1.0, 'pos': 0.0, 'compound': 0.0}
	{'neg': 0.0, 'neu': 0.0, 'pos': 0.0, 'compound': 0.0}
	{'neg': 0.0, 'neu': 0.0, 'pos': 0.0, 'compound': 0.0}
	{'neg': 0.0, 'neu': 0.0, 'pos': 0.0, 'compound': 0.0}
	{'neg': 0.0, 'neu': 0.0, 'pos': 0.0, 'compound': 0.0}
	{'neg': 0.0, 'neu': 0.0, 'pos': 0.0, 'compound': 0.0}
	{'neg': 0.0, 'neu': 0.0, 'pos': 0.0, 'compound': 0.0}
	{'neg': 0.0, 'neu': 0.0, 'pos': 0.0, 'compound': 0.0}
Does humanity end at the @NATO boarders ? @jensstoltenberg  @POTUS @jensstoltenberg Stop war crimes and punish Putin ! Provide weapons! Close the sky https://t.co/0NBhgezwKA	{'neg': 0.394, 'neu': 0.606, 'pos': 0.0, 'compound': -0.9183}
	{'neg': 0.0, 'neu': 0.0, 'pos': 0.0, 'compound': 0.0}
	{'neg': 0.0, 'neu': 0.0, 'pos': 0.0, 'compound': 0.0}
	{'neg': 0.0, 'neu': 0.0, 'pos': 0.0, 'compound': 0.0}
"My heart üíî Torn By War by Jayden X #SoundCloud
soundcloud.app.goo.gl/GSs1c #Ukrainain #russian #ukraineinvasion 

twitter.com/nbahhanbahob/s‚Ä¶"	{'neg': 0.409, 'neu': 0.591, 'pos': 0.0, 'compound': -0.8402}
	{'neg': 0.0, 'neu': 0.0, 'pos': 0.0, 'compound': 0.0}
	{'neg': 0.0, 'neu': 0.0, 'pos': 0.0, 'compound': 0.0}
	{'neg': 0.0, 'neu': 0.0, 'pos': 0.0, 'compound': 0.0}
"#Mariupol #Ukraine 
Does all of this look like #military installations?
Does the world understand what these #russians are doing? 
How can this be ok?
How many more lives will it take?
When will you intervene?

@UN @NATO @NATOinUkraine @EU_Commission @Europarl_EN https://t.co/S9BGzACmPg"	{'neg': 0.0, 'neu': 0.92, 'pos': 0.08, 'compound': 0.5362}
	{'neg': 0.0, 'neu': 0.0, 'pos': 0.0, 'compound': 0.0}
	{'neg': 0.0, 'neu': 0.0, 'pos': 0.0, 'compound': 0.0}
	{'neg': 0.0, 'neu': 0.0, 'pos': 0.0, 'compound': 0.0}
	{'neg': 0.0, 'neu': 0.0, 'pos': 0.0, 'compound': 0.0}
"2:44 pm in #Ukraine 

Some sketches from my day walk:

Beer &amp; champagne are allowed to sell again. So we‚Äôre ready to celebrate Victory. 

Men are discussing fishing. 

16 degrees (Celsius). In Mom‚Äôs jacket, my old snickers, with cherry #warcoffee  - I do know: we will win"	{'neg': 0.0, 'neu': 0.775, 'pos': 0.225, 'compound': 0.9096}
	{'neg': 0.0, 'neu': 0.0, 'pos': 0.0, 'compound': 0.0}
In case Johhny needs a flash-forward body double @CobraKaiSeries #CobraKai twitter.com/KevinRothrock/‚Ä¶	{'neg': 0.0, 'neu': 1.0, 'pos': 0.0, 'compound': 0.0}
	{'neg': 0.0, 'neu': 0.0, 'pos': 0.0, 'compound': 0.0}
"@Cloudflare @IDC Please help the people of Ukraine! 
 Stop any activity in russia! 
#stopbusinessinrussia"	{'neg': 0.117, 'neu': 0.586, 'pos': 0.297, 'compound': 0.5242}
	{'neg': 0.0, 'neu': 0.0, 'pos': 0.0, 'compound': 0.0}
"@Cloudflare No war. Save People Ukraine from russian occupiers.
#stopbusinessinrussia"	{'neg': 0.191, 'neu': 0.581, 'pos': 0.228, 'compound': 0.1326}
@ChrisDeRich @jcokechukwu That‚Äôs not balanced then. He‚Äôs actually doing the same thing his accusing the mainstream media of doing. Everything is propaganda, believe it or not, there‚Äôs always a narrative.	{'neg': 0.117, 'neu': 0.883, 'pos': 0.0, 'compound': -0.4019}
	{'neg': 0.0, 'neu': 0.0, 'pos': 0.0, 'compound': 0.0}
@Cloudflare @janetvh @TALENTWIZ @adspedia @CloudflareJobs @Cloudflare, please note that every dollar of taxes you pay to the aggressor russian government finances the bombing and occupation of Ukraine. Stop any activity in russia! #stopbusinessinrussia	{'neg': 0.154, 'neu': 0.784, 'pos': 0.062, 'compound': -0.3382}
	{'neg': 0.0, 'neu': 0.0, 'pos': 0.0, 'compound': 0.0}
	{'neg': 0.0, 'neu': 0.0, 'pos': 0.0, 'compound': 0.0}
	{'neg': 0.0, 'neu': 0.0, 'pos': 0.0, 'compound': 0.0}
	{'neg': 0.0, 'neu': 0.0, 'pos': 0.0, 'compound': 0.0}
	{'neg': 0.0, 'neu': 0.0, 'pos': 0.0, 'compound': 0.0}
@terrelljstarr More meat for the grinder. Not to mention they will come in completely demoralized.	{'neg': 0.171, 'neu': 0.829, 'pos': 0.0, 'compound': -0.4391}
	{'neg': 0.0, 'neu': 0.0, 'pos': 0.0, 'compound': 0.0}
We're live on the air and still rolling twitter.com/ferlain/status‚Ä¶	{'neg': 0.0, 'neu': 1.0, 'pos': 0.0, 'compound': 0.0}
	{'neg': 0.0, 'neu': 0.0, 'pos': 0.0, 'compound': 0.0}
	{'neg': 0.0, 'neu': 0.0, 'pos': 0.0, 'compound': 0.0}
	{'neg': 0.0, 'neu': 0.0, 'pos': 0.0, 'compound': 0.0}
	{'neg': 0.0, 'neu': 0.0, 'pos': 0.0, 'compound': 0.0}
	{'neg': 0.0, 'neu': 0.0, 'pos': 0.0, 'compound': 0.0}
	{'neg': 0.0, 'neu': 0.0, 'pos': 0.0, 'compound': 0.0}
	{'neg': 0.0, 'neu': 0.0, 'pos': 0.0, 'compound': 0.0}
"I present to you my available works on @foundation
                       Gaze into the void
        Time froze contrary to the movement 
                       of the clock hands
1/1
0.1 $ETH
foundation.app/@Kopitoha/kopi‚Ä¶ https://t.co/TWWlWvwCWP"	{'neg': 0.0, 'neu': 1.0, 'pos': 0.0, 'compound': 0.0}
	{'neg': 0.0, 'neu': 0.0, 'pos': 0.0, 'compound': 0.0}
@fourdownfields @AdamSchefter @DrewJRosenhaus @NFLrecord Is he any good, I don't watch the Bears	{'neg': 0.0, 'neu': 0.805, 'pos': 0.195, 'compound': 0.4404}
	{'neg': 0.0, 'neu': 0.0, 'pos': 0.0, 'compound': 0.0}
	{'neg': 0.0, 'neu': 0.0, 'pos': 0.0, 'compound': 0.0}
	{'neg': 0.0, 'neu': 0.0, 'pos': 0.0, 'compound': 0.0}
I hate you #Russians twitter.com/youranonnews/s‚Ä¶	{'neg': 0.481, 'neu': 0.519, 'pos': 0.0, 'compound': -0.5719}
@Betty05183143 @brik_t If you need an expert on women's right in Ukraine and issues tgat Ukrainian refugees face, you can call me .	{'neg': 0.0, 'neu': 1.0, 'pos': 0.0, 'compound': 0.0}
	{'neg': 0.0, 'neu': 0.0, 'pos': 0.0, 'compound': 0.0}
@JNJNews @JNJMedTech @FastCompany You`re the company that cares about human well-being. But what kind of well-being are we talking about if you`re financing bombing and killing of civilians, staying on the üá∑üá∫ market? Or do you feel ok about this? If not, you should keep your brand name clean and leave üá∑üá∫ market.	{'neg': 0.115, 'neu': 0.749, 'pos': 0.136, 'compound': -0.1053}
	{'neg': 0.0, 'neu': 0.0, 'pos': 0.0, 'compound': 0.0}
	{'neg': 0.0, 'neu': 0.0, 'pos': 0.0, 'compound': 0.0}
@BarrySheerman I‚Äôll pay for your flight Baz. When would you like to go. Take your own kids with you too if your that enthusiastic!	{'neg': 0.049, 'neu': 0.74, 'pos': 0.211, 'compound': 0.68}
@Bundeskanzler You have fed the monster and now you are trying to pretend it isn‚Äôt exist. That will not work. Your voters have already understand it and 51% of them will accept price growing. But you, exactly you are still paying Russia money to build more rockets and kill more civilians. Shame	{'neg': 0.202, 'neu': 0.748, 'pos': 0.05, 'compound': -0.9111}
@stephanboc @homeoffice_ukvi @pritipatel @Zendesk I mean I don‚Äôt know. This logo did use to be there and suddenly popped up just now. This is an old email from two weeks ago	{'neg': 0.0, 'neu': 1.0, 'pos': 0.0, 'compound': 0.0}
	{'neg': 0.0, 'neu': 0.0, 'pos': 0.0, 'compound': 0.0}
	{'neg': 0.0, 'neu': 0.0, 'pos': 0.0, 'compound': 0.0}
	{'neg': 0.0, 'neu': 0.0, 'pos': 0.0, 'compound': 0.0}
All we need to know about RuZZia #StopPutinNOW #StopWarInUkraine https://t.co/hkRciJlu3w	{'neg': 0.0, 'neu': 1.0, 'pos': 0.0, 'compound': 0.0}
	{'neg': 0.0, 'neu': 0.0, 'pos': 0.0, 'compound': 0.0}
"#Kyiv, #Ukraine.
Pictured, burnt Bible in a house bombed by #Russian occupants.

#RussiaInvadedUkraine
#StandWithUkraine
#StopRussianAgression
#StopPutin 
#RussianWarCrimes https://t.co/T5dpbsv13p"	{'neg': 0.0, 'neu': 1.0, 'pos': 0.0, 'compound': 0.0}
	{'neg': 0.0, 'neu': 0.0, 'pos': 0.0, 'compound': 0.0}
	{'neg': 0.0, 'neu': 0.0, 'pos': 0.0, 'compound': 0.0}
	{'neg': 0.0, 'neu': 0.0, 'pos': 0.0, 'compound': 0.0}
	{'neg': 0.0, 'neu': 0.0, 'pos': 0.0, 'compound': 0.0}
	{'neg': 0.0, 'neu': 0.0, 'pos': 0.0, 'compound': 0.0}
	{'neg': 0.0, 'neu': 0.0, 'pos': 0.0, 'compound': 0.0}
	{'neg': 0.0, 'neu': 0.0, 'pos': 0.0, 'compound': 0.0}
#Irpin?!? No freaking way. No Way. Friends and colleagues - can you find me a #criminal #defense lawyer? And a #classaction #corporate #espionage / #humanrights #lawyer? #ukraine @AC_Global @FLEXAlumni @ECAatState @UKRintheUSA @USEmbassyKyiv @ser_ou_parecer @AubreyBelford twitter.com/kyivindependen‚Ä¶	{'neg': 0.218, 'neu': 0.694, 'pos': 0.089, 'compound': -0.7632}
	{'neg': 0.0, 'neu': 0.0, 'pos': 0.0, 'compound': 0.0}
	{'neg': 0.0, 'neu': 0.0, 'pos': 0.0, 'compound': 0.0}
	{'neg': 0.0, 'neu': 0.0, 'pos': 0.0, 'compound': 0.0}
	{'neg': 0.0, 'neu': 0.0, 'pos': 0.0, 'compound': 0.0}
	{'neg': 0.0, 'neu': 0.0, 'pos': 0.0, 'compound': 0.0}
	{'neg': 0.0, 'neu': 0.0, 'pos': 0.0, 'compound': 0.0}
	{'neg': 0.0, 'neu': 0.0, 'pos': 0.0, 'compound': 0.0}
	{'neg': 0.0, 'neu': 0.0, 'pos': 0.0, 'compound': 0.0}
@L0RIR0 @kamilkazani They thought they would have the same terrifying effect on us as they do on Russians. Ukrainian soil welcomes everyone, we don‚Äôt discriminate	{'neg': 0.126, 'neu': 0.782, 'pos': 0.092, 'compound': -0.25}
	{'neg': 0.0, 'neu': 0.0, 'pos': 0.0, 'compound': 0.0}
"Is this the best Freudian slip ever?

#peskov #WW3 #NuclearWar #RussianUkrainianWar #Putin #NATO https://t.co/5ZMi7X9j3g"	{'neg': 0.0, 'neu': 0.756, 'pos': 0.244, 'compound': 0.6369}
	{'neg': 0.0, 'neu': 0.0, 'pos': 0.0, 'compound': 0.0}
	{'neg': 0.0, 'neu': 0.0, 'pos': 0.0, 'compound': 0.0}
	{'neg': 0.0, 'neu': 0.0, 'pos': 0.0, 'compound': 0.0}
	{'neg': 0.0, 'neu': 0.0, 'pos': 0.0, 'compound': 0.0}
	{'neg': 0.0, 'neu': 0.0, 'pos': 0.0, 'compound': 0.0}
"Yesterday, this was a house in Kyiv. There was a tv, a sofa, orange pans, flowers in the pots. 

Now, this is Armageddon. This is what we all are afraid of. To wake up in a house like this.

#StopPutinNOW https://t.co/neRnbhmueE"	{'neg': 0.0, 'neu': 0.941, 'pos': 0.059, 'compound': 0.3612}
	{'neg': 0.0, 'neu': 0.0, 'pos': 0.0, 'compound': 0.0}
	{'neg': 0.0, 'neu': 0.0, 'pos': 0.0, 'compound': 0.0}
	{'neg': 0.0, 'neu': 0.0, 'pos': 0.0, 'compound': 0.0}
@whattheHec2018 @SusannaMcCoy19 @terrelljstarr Also incorrect. They can't  leave but they are not being forced to fight, either. In fact, I know plenty who have been turned away from the army and teraborona because there are too many men signing up. Not allowing men to leave has proven controversial here too.	{'neg': 0.123, 'neu': 0.801, 'pos': 0.076, 'compound': -0.383}
	{'neg': 0.0, 'neu': 0.0, 'pos': 0.0, 'compound': 0.0}
	{'neg': 0.0, 'neu': 0.0, 'pos': 0.0, 'compound': 0.0}
"@METRO_News How many weeks shall it take to understand that each day of doing business in Russia makes your company brand toxic?
Do you still consider yourselves ethical and socially responcible company?
#StopBusinessInRussia #StopBusinessWithRussia #StopRussia https://t.co/NVg83S4SAr"	{'neg': 0.0, 'neu': 0.905, 'pos': 0.095, 'compound': 0.5661}
	{'neg': 0.0, 'neu': 0.0, 'pos': 0.0, 'compound': 0.0}
	{'neg': 0.0, 'neu': 0.0, 'pos': 0.0, 'compound': 0.0}
London is the capital of GB twitter.com/Armia_fm/statu‚Ä¶	{'neg': 0.0, 'neu': 1.0, 'pos': 0.0, 'compound': 0.0}
"‚ö°Ô∏èBucha City Council: Ukraine's military surround the towns of Bucha, Irpin and Hostomel near Kyiv.

It means that the Russian troops north-west of Kyiv are now encircled.

 twitter.com/KyivIndependen‚Ä¶
#ukraine #ukrainewar #russia #Ukrainain #russian #ukrai‚Ä¶ twitter.com/nbahhanbahob/s‚Ä¶"	{'neg': 0.0, 'neu': 1.0, 'pos': 0.0, 'compound': 0.0}
	{'neg': 0.0, 'neu': 0.0, 'pos': 0.0, 'compound': 0.0}
	{'neg': 0.0, 'neu': 0.0, 'pos': 0.0, 'compound': 0.0}
	{'neg': 0.0, 'neu': 0.0, 'pos': 0.0, 'compound': 0.0}
	{'neg': 0.0, 'neu': 0.0, 'pos': 0.0, 'compound': 0.0}
	{'neg': 0.0, 'neu': 0.0, 'pos': 0.0, 'compound': 0.0}
"My life today 
#Kyiv #StopRussia https://t.co/oijAXcHmVA"	{'neg': 0.0, 'neu': 1.0, 'pos': 0.0, 'compound': 0.0}
	{'neg': 0.0, 'neu': 0.0, 'pos': 0.0, 'compound': 0.0}
@ThalesDefence By working with russia you support killing of Ukrainian people. Stop financing murderers. #StopPutinNOW #BoycottRussia #StandWithUkraine	{'neg': 0.41, 'neu': 0.489, 'pos': 0.102, 'compound': -0.8481}
	{'neg': 0.0, 'neu': 0.0, 'pos': 0.0, 'compound': 0.0}
	{'neg': 0.0, 'neu': 0.0, 'pos': 0.0, 'compound': 0.0}
Rishi Sunak now announcing what steps he‚Äôs taking to undo the economic damage caused by the policies of Rishi Sunak.	{'neg': 0.144, 'neu': 0.856, 'pos': 0.0, 'compound': -0.4939}
"‚ö°Ô∏è Poll: 90% of Ukrainians believe Russia must pay for country's reconstruction after war.

According to the recent poll conducted by the Rating Group, a fifth of Ukrainians add that European countries &amp; international organizations also must pay for rebuilding Ukraine‚Äôs economy."	{'neg': 0.143, 'neu': 0.857, 'pos': 0.0, 'compound': -0.6908}
	{'neg': 0.0, 'neu': 0.0, 'pos': 0.0, 'compound': 0.0}
	{'neg': 0.0, 'neu': 0.0, 'pos': 0.0, 'compound': 0.0}
	{'neg': 0.0, 'neu': 0.0, 'pos': 0.0, 'compound': 0.0}
@BorisJohnson Russia is a Nazi country. Russian soldiers make  #WarCrimes to Ukrainians for the new Gitler - Putin. It's real #GenocideOfUkrainians. Save us! #ClosetheSkyoverUkraine	{'neg': 0.0, 'neu': 0.868, 'pos': 0.132, 'compound': 0.5411}
	{'neg': 0.0, 'neu': 0.0, 'pos': 0.0, 'compound': 0.0}
	{'neg': 0.0, 'neu': 0.0, 'pos': 0.0, 'compound': 0.0}
"@PeterTrapino @koh_kb @dieterjamesguy @Steve_Laws_ The best ‚Äúguidance‚Äù i could find was ‚Äúfind the one with the outside building where he walked back and forth‚Äù which is literally half of them. 

You‚Äôd think if it were that transparent it would be readily found. But it‚Äôs not. Because it literally doesn‚Äôt exist."	{'neg': 0.0, 'neu': 0.95, 'pos': 0.05, 'compound': 0.3818}
	{'neg': 0.0, 'neu': 0.0, 'pos': 0.0, 'compound': 0.0}
	{'neg': 0.0, 'neu': 0.0, 'pos': 0.0, 'compound': 0.0}
	{'neg': 0.0, 'neu': 0.0, 'pos': 0.0, 'compound': 0.0}
Want to help millions of Ukrainian refugees? Help our homeland to win this war: provide us with much more advanced air &amp; missile defence systems, drones, jet, other military equipment. Ukrainians belong at home twitter.com/MaximEristavi/‚Ä¶	{'neg': 0.099, 'neu': 0.598, 'pos': 0.303, 'compound': 0.7627}
"@JohnWight1 People @JohnWight1 blame a Jewish man, half his family was killed in WW2 - to be a neo Nazi.

@JohnWight1 is the ultimate Nazi."	{'neg': 0.231, 'neu': 0.769, 'pos': 0.0, 'compound': -0.7845}
	{'neg': 0.0, 'neu': 0.0, 'pos': 0.0, 'compound': 0.0}
	{'neg': 0.0, 'neu': 0.0, 'pos': 0.0, 'compound': 0.0}
"#UkraineRussiaWar #UkraineFightsForFreedom #russiasWarCrimeInUkraine
Find more details about russia's war with the whole World on #DefenseExpress in English
en.defence-ua.com/news/day_28th_‚Ä¶ https://t.co/l3uBBFowcD"	{'neg': 0.178, 'neu': 0.822, 'pos': 0.0, 'compound': -0.5994}
	{'neg': 0.0, 'neu': 0.0, 'pos': 0.0, 'compound': 0.0}
	{'neg': 0.0, 'neu': 0.0, 'pos': 0.0, 'compound': 0.0}
	{'neg': 0.0, 'neu': 0.0, 'pos': 0.0, 'compound': 0.0}
@RepMarkGreen Are you sure that Russia will stop in Ukraine? And what will you do if Putin attacks Poland, Slovakia, Romania? Also say that you do not want war? So help Ukraine now, do not be afraid of Putin!#SafeAirliftUkraine #ProtectUASky #GenocideOfUkrainians @IPUparliament #ipu144 https://t.co/2tfq2YLB75	{'neg': 0.118, 'neu': 0.709, 'pos': 0.173, 'compound': 0.6058}
	{'neg': 0.0, 'neu': 0.0, 'pos': 0.0, 'compound': 0.0}
	{'neg': 0.0, 'neu': 0.0, 'pos': 0.0, 'compound': 0.0}
	{'neg': 0.0, 'neu': 0.0, 'pos': 0.0, 'compound': 0.0}
@DWMF54 @KKhattakk @georgegalloway They are the looters, right	{'neg': 0.0, 'neu': 1.0, 'pos': 0.0, 'compound': 0.0}
	{'neg': 0.0, 'neu': 0.0, 'pos': 0.0, 'compound': 0.0}
	{'neg': 0.0, 'neu': 0.0, 'pos': 0.0, 'compound': 0.0}
"‚ö†Ô∏è‚úçüèª A petition for blocking trucks supplying #Russian war against #Ukraine.

SIGN IT NOW: petycjeonline.com/apel_do_premie‚Ä¶

#Poland #SanctionRussiaNow #sanctions #StopPutinNOW #StopRussia #sanctions #border #StandWithUkraine #StopTheWar #StopPutin"	{'neg': 0.177, 'neu': 0.736, 'pos': 0.087, 'compound': -0.5106}
	{'neg': 0.0, 'neu': 0.0, 'pos': 0.0, 'compound': 0.0}
	{'neg': 0.0, 'neu': 0.0, 'pos': 0.0, 'compound': 0.0}
	{'neg': 0.0, 'neu': 0.0, 'pos': 0.0, 'compound': 0.0}
	{'neg': 0.0, 'neu': 0.0, 'pos': 0.0, 'compound': 0.0}
	{'neg': 0.0, 'neu': 0.0, 'pos': 0.0, 'compound': 0.0}
	{'neg': 0.0, 'neu': 0.0, 'pos': 0.0, 'compound': 0.0}
	{'neg': 0.0, 'neu': 0.0, 'pos': 0.0, 'compound': 0.0}
	{'neg': 0.0, 'neu': 0.0, 'pos': 0.0, 'compound': 0.0}
	{'neg': 0.0, 'neu': 0.0, 'pos': 0.0, 'compound': 0.0}
	{'neg': 0.0, 'neu': 0.0, 'pos': 0.0, 'compound': 0.0}
	{'neg': 0.0, 'neu': 0.0, 'pos': 0.0, 'compound': 0.0}
@stephanboc @homeoffice_ukvi @pritipatel @Zendesk Why is it there though? It‚Äôs very triggering for the Ukrainians that receive emails from them	{'neg': 0.0, 'neu': 1.0, 'pos': 0.0, 'compound': 0.0}
	{'neg': 0.0, 'neu': 0.0, 'pos': 0.0, 'compound': 0.0}
	{'neg': 0.0, 'neu': 0.0, 'pos': 0.0, 'compound': 0.0}
	{'neg': 0.0, 'neu': 0.0, 'pos': 0.0, 'compound': 0.0}
@PeterTrapino @koh_kb @dieterjamesguy @Steve_Laws_ No, I‚Äôm pretty sure it just doesn‚Äôt exist. I‚Äôve looked through every one of Zelenskyy‚Äôs videos and I cannot see evidence of green screen in any. People are acting like it‚Äôs a given that there‚Äôs a green screen used, but no one can actually produce a video with a green screen.	{'neg': 0.047, 'neu': 0.86, 'pos': 0.093, 'compound': 0.1779}
	{'neg': 0.0, 'neu': 0.0, 'pos': 0.0, 'compound': 0.0}
	{'neg': 0.0, 'neu': 0.0, 'pos': 0.0, 'compound': 0.0}
	{'neg': 0.0, 'neu': 0.0, 'pos': 0.0, 'compound': 0.0}
Hello world, this is my new twitter account.	{'neg': 0.0, 'neu': 1.0, 'pos': 0.0, 'compound': 0.0}
üá™üá∫, @OECD, @IEA should review plans for the use of gas as a transitional fuel - taking diversification and energy security into account. Enable substitution of gas by other sources, for example with green hydrogen ASAP practically possible @USOECD @SecGranholm @StefanishynaO	{'neg': 0.0, 'neu': 0.897, 'pos': 0.103, 'compound': 0.5423}
	{'neg': 0.0, 'neu': 0.0, 'pos': 0.0, 'compound': 0.0}
	{'neg': 0.0, 'neu': 0.0, 'pos': 0.0, 'compound': 0.0}
	{'neg': 0.0, 'neu': 0.0, 'pos': 0.0, 'compound': 0.0}
	{'neg': 0.0, 'neu': 0.0, 'pos': 0.0, 'compound': 0.0}
@NMatynka I mean, I feel like they deserve a chance to try. If they fail - not our problem.	{'neg': 0.139, 'neu': 0.594, 'pos': 0.268, 'compound': 0.3089}
"üòì Russian shelling hit a residential building in #Mykolaiv region, killing 2 people, reports the State Emergency Service

#StandWithUkraine #StopRussianAgression
#NoWar #UkraineUnderAttack #StopPutin https://t.co/LpmLfL8DSj"	{'neg': 0.29, 'neu': 0.71, 'pos': 0.0, 'compound': -0.8689}
	{'neg': 0.0, 'neu': 0.0, 'pos': 0.0, 'compound': 0.0}
	{'neg': 0.0, 'neu': 0.0, 'pos': 0.0, 'compound': 0.0}
	{'neg': 0.0, 'neu': 0.0, 'pos': 0.0, 'compound': 0.0}
	{'neg': 0.0, 'neu': 0.0, 'pos': 0.0, 'compound': 0.0}
	{'neg': 0.0, 'neu': 0.0, 'pos': 0.0, 'compound': 0.0}
@MaximEristavi I have several classmates at my institute who wanted to leave the country after graduation but now most of them wish to stay afterward.	{'neg': 0.039, 'neu': 0.82, 'pos': 0.141, 'compound': 0.5921}
	{'neg': 0.0, 'neu': 0.0, 'pos': 0.0, 'compound': 0.0}
"Metropolitan Ioseb of Shemokmedi (Patriarchate of Georgia) has condemned the ‚ÄúHoly Russia‚Äù ideology as heresy in light of Russia‚Äôs invasion of Ukraine. 
orthodoxtimes.com/metropolitan-o‚Ä¶"	{'neg': 0.116, 'neu': 0.884, 'pos': 0.0, 'compound': -0.4404}
"A month has passed. 

Would change weird to stupid. 

Cruel was an understatement. twitter.com/gkates/status/‚Ä¶"	{'neg': 0.447, 'neu': 0.553, 'pos': 0.0, 'compound': -0.836}
"Good morning, this is Kyiv calling.

They said Kyiv would fall in 48 hours, today we hear news of Ukrainian counteroffensives liberating territory across the Oblast. Not only do its defences hold, but Kyiv is still fighting back.

We are still here.

We ‚Ä¶ twitter.com/nbahhanbahob/s‚Ä¶"	{'neg': 0.09, 'neu': 0.87, 'pos': 0.04, 'compound': -0.34}
@xm039 @PirateStyle7 @spectatorindex no, it's stalemate at best for russia	{'neg': 0.0, 'neu': 0.682, 'pos': 0.318, 'compound': 0.6369}
	{'neg': 0.0, 'neu': 0.0, 'pos': 0.0, 'compound': 0.0}
	{'neg': 0.0, 'neu': 0.0, 'pos': 0.0, 'compound': 0.0}
"@KKhattakk @georgegalloway These people who are tied to the trees are crooks, the looters. 
What do you suggest to do with them if all the police units are busy due to war?
Back in WW2 in the UK, for instance, these criminals would just get shot. Is it any better?"	{'neg': 0.138, 'neu': 0.812, 'pos': 0.05, 'compound': -0.7236}
	{'neg': 0.0, 'neu': 0.0, 'pos': 0.0, 'compound': 0.0}
@BuddNicholas @homeoffice_ukvi @pritipatel This is why it‚Äôs strange that they‚Äôre using that for their email account	{'neg': 0.107, 'neu': 0.893, 'pos': 0.0, 'compound': -0.2023}
	{'neg': 0.0, 'neu': 0.0, 'pos': 0.0, 'compound': 0.0}
	{'neg': 0.0, 'neu': 0.0, 'pos': 0.0, 'compound': 0.0}
@TsybulskaLiubov With these incredibly brave Ukrainian people, we will together rebuild and we will all together celebrate the victory against this brutal fascism! I am %100 confident that Ukraine will prevail! Free and strong people always win against a army of slaves! üá∫üá¶üá∫üá¶üá∫üá¶	{'neg': 0.078, 'neu': 0.574, 'pos': 0.349, 'compound': 0.9516}
@Liveuamap And if they just do not want to pay in any rubles / dollars? As he did with their planes.	{'neg': 0.057, 'neu': 0.883, 'pos': 0.06, 'compound': 0.0191}
"Mariupol now. A former beautiful city of 450,000 people who lived in peace before the arrival of the Russian army. Russians will have to answer for everything
#RussianWarCrimes https://t.co/9kFsxLwGvD"	{'neg': 0.0, 'neu': 0.785, 'pos': 0.215, 'compound': 0.8126}
	{'neg': 0.0, 'neu': 0.0, 'pos': 0.0, 'compound': 0.0}
	{'neg': 0.0, 'neu': 0.0, 'pos': 0.0, 'compound': 0.0}
	{'neg': 0.0, 'neu': 0.0, 'pos': 0.0, 'compound': 0.0}
"@HoatesFroel How do you spell ""of"" instead of ""have"" by mistake?"	{'neg': 0.194, 'neu': 0.806, 'pos': 0.0, 'compound': -0.34}
@muratpak Sry, I don't speak bri'ish	{'neg': 0.0, 'neu': 1.0, 'pos': 0.0, 'compound': 0.0}
"@USAmbNATO @USNATO @POTUS If Reagan and Thatcher came to life now, they would immediately die again in shame for their successors in NATO's ""world's strongest"" bloc.
They overthrew the empire of evil - the USSR is not so that the frightened leaders of the ""free world"" now tremble like chickens https://t.co/YXuO1IRAoB"	{'neg': 0.24, 'neu': 0.605, 'pos': 0.155, 'compound': -0.7823}
	{'neg': 0.0, 'neu': 0.0, 'pos': 0.0, 'compound': 0.0}
	{'neg': 0.0, 'neu': 0.0, 'pos': 0.0, 'compound': 0.0}
CIA applies lessons from Iraq 'debacle' in information battle over Russian invasion of Ukraine news.yahoo.com/cia-applies-le‚Ä¶ via @Yahoo	{'neg': 0.14, 'neu': 0.86, 'pos': 0.0, 'compound': -0.3818}
	{'neg': 0.0, 'neu': 0.0, 'pos': 0.0, 'compound': 0.0}
@NATO All the word see Kremlin's lie. But some countries hope it's not there war. Sorry, but without helping Ukraine now by modern weapons you will have WWlll soon.	{'neg': 0.156, 'neu': 0.606, 'pos': 0.238, 'compound': 0.4973}
@martinxo No, I just bought them. It's a stash purchase.	{'neg': 0.0, 'neu': 1.0, 'pos': 0.0, 'compound': 0.0}
@PXP_IS_SCAM @FFmari80 @Anton72893 @Polk_Azov Looks like a justifying reasons of passiveness	{'neg': 0.0, 'neu': 0.8, 'pos': 0.2, 'compound': 0.3612}
	{'neg': 0.0, 'neu': 0.0, 'pos': 0.0, 'compound': 0.0}
	{'neg': 0.0, 'neu': 0.0, 'pos': 0.0, 'compound': 0.0}
	{'neg': 0.0, 'neu': 0.0, 'pos': 0.0, 'compound': 0.0}
"@leroymerlinfr #LeroyMerlin 
 How many weeks shall it take to understand that each day of doing business in Russia makes your company brand toxic?
Do you still consider yourselves ethical and socially responcible company?
#StopBusinessInRussia #StopBusinessWithRussia #StopRussia twitter.com/DefenceU/statu‚Ä¶"	{'neg': 0.0, 'neu': 0.908, 'pos': 0.092, 'compound': 0.5661}
	{'neg': 0.0, 'neu': 0.0, 'pos': 0.0, 'compound': 0.0}
	{'neg': 0.0, 'neu': 0.0, 'pos': 0.0, 'compound': 0.0}
	{'neg': 0.0, 'neu': 0.0, 'pos': 0.0, 'compound': 0.0}
@nexta_tv All I want for Christmas is a Russian tank.	{'neg': 0.0, 'neu': 0.874, 'pos': 0.126, 'compound': 0.0772}
What‚Äôs that fat fucking windbag barking about now? #PMQs	{'neg': 0.0, 'neu': 1.0, 'pos': 0.0, 'compound': 0.0}
@VLaunchCOM BSC staking is closeee guyzü§™	{'neg': 0.0, 'neu': 1.0, 'pos': 0.0, 'compound': 0.0}
@kenan_talas @ColinsDoodles @LeslieASpurlock Congratulation Bro!üëçüëç	{'neg': 0.0, 'neu': 0.656, 'pos': 0.344, 'compound': 0.636}
	{'neg': 0.0, 'neu': 0.0, 'pos': 0.0, 'compound': 0.0}
	{'neg': 0.0, 'neu': 0.0, 'pos': 0.0, 'compound': 0.0}
@martinxo The best!	{'neg': 0.0, 'neu': 0.308, 'pos': 0.692, 'compound': 0.6696}
@EliotHiggins Leading Russian ornithologists in the case	{'neg': 0.0, 'neu': 1.0, 'pos': 0.0, 'compound': 0.0}
@hoofjeet @Peter_Nimitz Confirmed	{'neg': 0.0, 'neu': 1.0, 'pos': 0.0, 'compound': 0.0}
	{'neg': 0.0, 'neu': 0.0, 'pos': 0.0, 'compound': 0.0}
"With #Russia‚Äôs attack on #Ukraine since 2014, the #Kremlin has put the logic of the nonproliferation regime on its head. With @HugovonEssen @SCEEUS_UI @UISweden for @ForeignPolicy 
CC: @USNPT @Konflikt_Sicher @GSPSipo @AtomwaffenAbisZ @TheNonproReview   academia.edu/74375923/Putin‚Ä¶"	{'neg': 0.088, 'neu': 0.912, 'pos': 0.0, 'compound': -0.4767}
	{'neg': 0.0, 'neu': 0.0, 'pos': 0.0, 'compound': 0.0}
	{'neg': 0.0, 'neu': 0.0, 'pos': 0.0, 'compound': 0.0}
	{'neg': 0.0, 'neu': 0.0, 'pos': 0.0, 'compound': 0.0}
	{'neg': 0.0, 'neu': 0.0, 'pos': 0.0, 'compound': 0.0}
	{'neg': 0.0, 'neu': 0.0, 'pos': 0.0, 'compound': 0.0}
	{'neg': 0.0, 'neu': 0.0, 'pos': 0.0, 'compound': 0.0}
	{'neg': 0.0, 'neu': 0.0, 'pos': 0.0, 'compound': 0.0}
	{'neg': 0.0, 'neu': 0.0, 'pos': 0.0, 'compound': 0.0}
@Jay_R_Kay @JoshStern12 @GurlGoneMadd @Kasparov63 Excuse me, but my point was that Russians largely support Putin and are responsible for this war. The fact that not enough come out in protest to wipe out whatever riot police Putin can throw at you rather proves my point. You cannot overthrow the govt alone, not by protesting.	{'neg': 0.212, 'neu': 0.64, 'pos': 0.148, 'compound': -0.7651}
	{'neg': 0.0, 'neu': 0.0, 'pos': 0.0, 'compound': 0.0}
	{'neg': 0.0, 'neu': 0.0, 'pos': 0.0, 'compound': 0.0}
	{'neg': 0.0, 'neu': 0.0, 'pos': 0.0, 'compound': 0.0}
"@Emerson_News @EMR_Automation
Emerson management, do not support the aggressor country! Leave the bloody market of Russia. With your taxes, you supply the military budgets of Russia. 
Emerson, is it really for you that profit is higher than the value of human lives? #StopRussia https://t.co/SFRsCPgKly"	{'neg': 0.123, 'neu': 0.737, 'pos': 0.139, 'compound': 0.2086}
	{'neg': 0.0, 'neu': 0.0, 'pos': 0.0, 'compound': 0.0}
I'm claiming my ALTAVA jacket that I will wear during the next @decentraland party by @Exclusible  gleam.io/rewards/UtZBI-‚Ä¶	{'neg': 0.0, 'neu': 0.856, 'pos': 0.144, 'compound': 0.4019}
	{'neg': 0.0, 'neu': 0.0, 'pos': 0.0, 'compound': 0.0}
@VLaunchCOM Lets gooo guyz! But we need BSC staking!! I hope its sooo close üòé	{'neg': 0.0, 'neu': 0.647, 'pos': 0.353, 'compound': 0.8666}
@mhmck After war they does not called themselves russians any more.Rus is the toponym,belong to Kyivan Rus' and we,Ukrainians,are cultural children of Rus',not the moscow barbarians,which was royal to Golden Horge and even now mentally close to Horge,not Western Civilization.Enough lie.	{'neg': 0.089, 'neu': 0.911, 'pos': 0.0, 'compound': -0.5994}
"Most #Russia's conscripts are reps of national minorities that are killed in thousands. It looks like an ethnocide. Reportedly, among federal subjects, Dagestan lost the most people.

Is this the way #Putin resolves his ""problem"" with a non-homogenous population?
#StopPutinNOW https://t.co/VUJlYtmhlN"	{'neg': 0.191, 'neu': 0.724, 'pos': 0.085, 'compound': -0.743}
	{'neg': 0.0, 'neu': 0.0, 'pos': 0.0, 'compound': 0.0}
	{'neg': 0.0, 'neu': 0.0, 'pos': 0.0, 'compound': 0.0}
"Looks like UK Visa and Immigration (UKVI) has a new logo‚Ä¶ ?? @homeoffice_ukvi @pritipatel can someone explain what this Z in the logo means?

(My friend who‚Äôs applying for a Ukraine Family Scheme visa for her family sent me this) https://t.co/jv9uhVIFCq"	{'neg': 0.0, 'neu': 0.862, 'pos': 0.138, 'compound': 0.7383}
	{'neg': 0.0, 'neu': 0.0, 'pos': 0.0, 'compound': 0.0}
"@swissMFAeurope @SwissMFA @MZZRS We want a reaction from Switzerland!
twitter.com/InnaSovsun/sta‚Ä¶"	{'neg': 0.0, 'neu': 0.85, 'pos': 0.15, 'compound': 0.1511}
	{'neg': 0.0, 'neu': 0.0, 'pos': 0.0, 'compound': 0.0}
	{'neg': 0.0, 'neu': 0.0, 'pos': 0.0, 'compound': 0.0}
"@KantonZuerich @MartinNeukom We want a reaction from Switzerland!
twitter.com/InnaSovsun/sta‚Ä¶"	{'neg': 0.0, 'neu': 0.834, 'pos': 0.166, 'compound': 0.1511}
	{'neg': 0.0, 'neu': 0.0, 'pos': 0.0, 'compound': 0.0}
	{'neg': 0.0, 'neu': 0.0, 'pos': 0.0, 'compound': 0.0}
Mariupol. Russians have deliberately destroyed the whole city. Mariupol is a proof of genocide committed by Russia against Ukrainian people. https://t.co/bM8hl8FP8R	{'neg': 0.132, 'neu': 0.782, 'pos': 0.086, 'compound': -0.2732}
	{'neg': 0.0, 'neu': 0.0, 'pos': 0.0, 'compound': 0.0}
	{'neg': 0.0, 'neu': 0.0, 'pos': 0.0, 'compound': 0.0}
	{'neg': 0.0, 'neu': 0.0, 'pos': 0.0, 'compound': 0.0}
"LAST REMINDER üëâ‚Äã‚Äã‚Äã‚Äã‚Äã‚Äã‚Äã¬´How to get a stable income on the –°rypto Market¬ª

Remember that?

See you TODAY at 4:00 p.m. London time

Click to access  bit.ly/3wiPA5f https://t.co/VIqcDuTSsc"	{'neg': 0.0, 'neu': 0.929, 'pos': 0.071, 'compound': 0.296}
"@stadtzuerich @doem We want a reaction from Switzerland!
twitter.com/InnaSovsun/sta‚Ä¶"	{'neg': 0.0, 'neu': 0.834, 'pos': 0.166, 'compound': 0.1511}
	{'neg': 0.0, 'neu': 0.0, 'pos': 0.0, 'compound': 0.0}
	{'neg': 0.0, 'neu': 0.0, 'pos': 0.0, 'compound': 0.0}
"@viktorgiacobbo We want a reaction from Switzerland!
twitter.com/InnaSovsun/sta‚Ä¶"	{'neg': 0.0, 'neu': 0.815, 'pos': 0.185, 'compound': 0.1511}
	{'neg': 0.0, 'neu': 0.0, 'pos': 0.0, 'compound': 0.0}
	{'neg': 0.0, 'neu': 0.0, 'pos': 0.0, 'compound': 0.0}
"Remember him. This is Mikhail Mizintsev. He is leading the siege of Mariupol. It was he who ordered the bombing of a children's hospital, the drama theatre etc. He has huge experience of destroying cities in Syria. We‚Äôll take care of the meeting him in the Hague
#RussianWarCrimes https://t.co/9mWzoCnofl"	{'neg': 0.065, 'neu': 0.835, 'pos': 0.1, 'compound': 0.2263}
"@s_sommaruga We want a reaction from Switzerland!
twitter.com/InnaSovsun/sta‚Ä¶"	{'neg': 0.0, 'neu': 0.815, 'pos': 0.185, 'compound': 0.1511}
	{'neg': 0.0, 'neu': 0.0, 'pos': 0.0, 'compound': 0.0}
	{'neg': 0.0, 'neu': 0.0, 'pos': 0.0, 'compound': 0.0}
Stop using Russian energy as soon as possible wherever possible. Some types of fuels are easily replaceable now. We see that üá™üá∫ businesses stop buying coal, oil, LNG and fuels from üá∑üá∫. We welcome this approach by the business. It should become the official policy of governments.	{'neg': 0.082, 'neu': 0.779, 'pos': 0.139, 'compound': 0.4767}
"@alain_berset @FIFFribourg @CulturaCH We want a reaction from Switzerland!
twitter.com/InnaSovsun/sta‚Ä¶"	{'neg': 0.0, 'neu': 0.85, 'pos': 0.15, 'compound': 0.1511}
	{'neg': 0.0, 'neu': 0.0, 'pos': 0.0, 'compound': 0.0}
	{'neg': 0.0, 'neu': 0.0, 'pos': 0.0, 'compound': 0.0}
@Pihliz73 @AnonOpsSE Yes it was lol	{'neg': 0.0, 'neu': 0.421, 'pos': 0.579, 'compound': 0.6705}
	{'neg': 0.0, 'neu': 0.0, 'pos': 0.0, 'compound': 0.0}
"@BR_Sprecher @DefrWbf We want a reaction from Switzerland!
twitter.com/InnaSovsun/sta‚Ä¶"	{'neg': 0.0, 'neu': 0.834, 'pos': 0.166, 'compound': 0.1511}
	{'neg': 0.0, 'neu': 0.0, 'pos': 0.0, 'compound': 0.0}
	{'neg': 0.0, 'neu': 0.0, 'pos': 0.0, 'compound': 0.0}
@Sports_Doctor2 Then*	{'neg': 0.0, 'neu': 1.0, 'pos': 0.0, 'compound': 0.0}
@lilygrutcher Burn m-f burn	{'neg': 0.0, 'neu': 1.0, 'pos': 0.0, 'compound': 0.0}
@Sports_Doctor2 They lookman will come on‚ù§‚ù§ Ghana be no see this coming	{'neg': 0.128, 'neu': 0.872, 'pos': 0.0, 'compound': -0.296}
"@claufriedl @SPsangalle We want a reaction from Switzerland!
twitter.com/InnaSovsun/sta‚Ä¶"	{'neg': 0.0, 'neu': 0.834, 'pos': 0.166, 'compound': 0.1511}
	{'neg': 0.0, 'neu': 0.0, 'pos': 0.0, 'compound': 0.0}
	{'neg': 0.0, 'neu': 0.0, 'pos': 0.0, 'compound': 0.0}
@DShulga @BSBonner You might want to take a look at my blog patreon.com/verstyuk and see how it looks. I'm writing it after years of talking to Western military experts.	{'neg': 0.0, 'neu': 0.956, 'pos': 0.044, 'compound': 0.0772}
	{'neg': 0.0, 'neu': 0.0, 'pos': 0.0, 'compound': 0.0}
"@JauslinMatthias We want a reaction from Switzerland!
twitter.com/InnaSovsun/sta‚Ä¶"	{'neg': 0.0, 'neu': 0.815, 'pos': 0.185, 'compound': 0.1511}
	{'neg': 0.0, 'neu': 0.0, 'pos': 0.0, 'compound': 0.0}
	{'neg': 0.0, 'neu': 0.0, 'pos': 0.0, 'compound': 0.0}
@AnonOpsSE Novichok time :)	{'neg': 0.0, 'neu': 0.5, 'pos': 0.5, 'compound': 0.4588}
@KudraBashal @BrightoDynasty Ehhü§î mi Lord ü§®I wonder üòÇüòÇüòÇ	{'neg': 0.15, 'neu': 0.551, 'pos': 0.299, 'compound': 0.8271}
	{'neg': 0.0, 'neu': 0.0, 'pos': 0.0, 'compound': 0.0}
"@FDP_Liberalen @ThierryBurkart @MajaRiniker We want a reaction from Switzerland!
twitter.com/InnaSovsun/sta‚Ä¶"	{'neg': 0.0, 'neu': 0.85, 'pos': 0.15, 'compound': 0.1511}
	{'neg': 0.0, 'neu': 0.0, 'pos': 0.0, 'compound': 0.0}
	{'neg': 0.0, 'neu': 0.0, 'pos': 0.0, 'compound': 0.0}
"@gif_not_jif @aseprite Yeah yeah yeah
Yummy https://t.co/WM04jBP5be"	{'neg': 0.0, 'neu': 0.231, 'pos': 0.769, 'compound': 0.8402}
	{'neg': 0.0, 'neu': 0.0, 'pos': 0.0, 'compound': 0.0}
@JohnAriola4 @DrLeanaWen Exactly.	{'neg': 0.0, 'neu': 1.0, 'pos': 0.0, 'compound': 0.0}
	{'neg': 0.0, 'neu': 0.0, 'pos': 0.0, 'compound': 0.0}
"@michelzug We want a reaction from Switzerland!
twitter.com/InnaSovsun/sta‚Ä¶"	{'neg': 0.0, 'neu': 0.815, 'pos': 0.185, 'compound': 0.1511}
	{'neg': 0.0, 'neu': 0.0, 'pos': 0.0, 'compound': 0.0}
	{'neg': 0.0, 'neu': 0.0, 'pos': 0.0, 'compound': 0.0}
@Partist_nft @GinkoInTheMoon Cool and topical artüî•üëç	{'neg': 0.205, 'neu': 0.598, 'pos': 0.197, 'compound': -0.0258}
	{'neg': 0.0, 'neu': 0.0, 'pos': 0.0, 'compound': 0.0}
"@suter_gabriela We want a reaction from Switzerland!
twitter.com/InnaSovsun/sta‚Ä¶"	{'neg': 0.0, 'neu': 0.815, 'pos': 0.185, 'compound': 0.1511}
	{'neg': 0.0, 'neu': 0.0, 'pos': 0.0, 'compound': 0.0}
	{'neg': 0.0, 'neu': 0.0, 'pos': 0.0, 'compound': 0.0}
"@avongraffenried We want a reaction from Switzerland!
twitter.com/InnaSovsun/sta‚Ä¶"	{'neg': 0.0, 'neu': 0.815, 'pos': 0.185, 'compound': 0.1511}
	{'neg': 0.0, 'neu': 0.0, 'pos': 0.0, 'compound': 0.0}
	{'neg': 0.0, 'neu': 0.0, 'pos': 0.0, 'compound': 0.0}
@oh_thoes For now only them, but they actually should have the latest information from the battlefield.	{'neg': 0.185, 'neu': 0.815, 'pos': 0.0, 'compound': -0.5267}
	{'neg': 0.0, 'neu': 0.0, 'pos': 0.0, 'compound': 0.0}
Air fryers are amazing because they convince people that they aren‚Äôt just shitty versions of convection ovens.	{'neg': 0.154, 'neu': 0.598, 'pos': 0.248, 'compound': 0.296}
"@fteuscher @GruenesBuendnis @JA_Bern @RegulaBuehlmann @RahelRuch @natalieimboden @hasimsancar1 @SerainaPatzen @JelenaFilipovic @gruenebern We want a reaction from Switzerland!
twitter.com/InnaSovsun/sta‚Ä¶"	{'neg': 0.0, 'neu': 0.91, 'pos': 0.09, 'compound': 0.1511}
	{'neg': 0.0, 'neu': 0.0, 'pos': 0.0, 'compound': 0.0}
	{'neg': 0.0, 'neu': 0.0, 'pos': 0.0, 'compound': 0.0}
	{'neg': 0.0, 'neu': 0.0, 'pos': 0.0, 'compound': 0.0}
	{'neg': 0.0, 'neu': 0.0, 'pos': 0.0, 'compound': 0.0}
	{'neg': 0.0, 'neu': 0.0, 'pos': 0.0, 'compound': 0.0}
	{'neg': 0.0, 'neu': 0.0, 'pos': 0.0, 'compound': 0.0}
	{'neg': 0.0, 'neu': 0.0, 'pos': 0.0, 'compound': 0.0}
	{'neg': 0.0, 'neu': 0.0, 'pos': 0.0, 'compound': 0.0}
	{'neg': 0.0, 'neu': 0.0, 'pos': 0.0, 'compound': 0.0}
@visegrad24 Putin is the enemy of the free world! He has long been more than just a criminal, a terrorist and a thug. It is difficult to defeat his army with an assault rifle, you need the Lend-lease law with a wide range of weapons including aircraft, missiles, guns, armoured vehicles, etc.	{'neg': 0.337, 'neu': 0.616, 'pos': 0.046, 'compound': -0.9674}
"@eugshchukina @foundation GM GM üôèüèª‚òÄÔ∏è
And thank you so much ‚ù§Ô∏èüôåüèª"	{'neg': 0.0, 'neu': 0.894, 'pos': 0.106, 'compound': 0.3612}
	{'neg': 0.0, 'neu': 0.0, 'pos': 0.0, 'compound': 0.0}
@Chaaraoui3 @GicAriana I'd rather russia start fulfilling the agreements of humanitarian corridors and let people choose where to evacuate and NOT be forced to be deported to hell.	{'neg': 0.135, 'neu': 0.731, 'pos': 0.134, 'compound': -0.2547}
	{'neg': 0.0, 'neu': 0.0, 'pos': 0.0, 'compound': 0.0}
@pobedeen @woman_is_art Fantastic üå∑	{'neg': 0.0, 'neu': 0.455, 'pos': 0.545, 'compound': 0.5574}
	{'neg': 0.0, 'neu': 0.0, 'pos': 0.0, 'compound': 0.0}
"@beatflach @thomas_aeschi We want a reaction from Switzerland!
twitter.com/InnaSovsun/sta‚Ä¶"	{'neg': 0.0, 'neu': 0.834, 'pos': 0.166, 'compound': 0.1511}
	{'neg': 0.0, 'neu': 0.0, 'pos': 0.0, 'compound': 0.0}
	{'neg': 0.0, 'neu': 0.0, 'pos': 0.0, 'compound': 0.0}
@sokova_k Yes yes yes ‚ú®	{'neg': 0.0, 'neu': 0.088, 'pos': 0.912, 'compound': 0.8555}
	{'neg': 0.0, 'neu': 0.0, 'pos': 0.0, 'compound': 0.0}
@GabrielMariya @EUErasmusPlus @eTwinningEurope @EU_Commission @EUDelegationUA @eu_schoolnet @EPALE_EU @EUCouncil @EPCulture @EuropeanYouthEU @Europe2022FR Thank you for your support!!! üá∫üá¶üá™üá∫	{'neg': 0.0, 'neu': 0.712, 'pos': 0.288, 'compound': 0.7249}
	{'neg': 0.0, 'neu': 0.0, 'pos': 0.0, 'compound': 0.0}
	{'neg': 0.0, 'neu': 0.0, 'pos': 0.0, 'compound': 0.0}
	{'neg': 0.0, 'neu': 0.0, 'pos': 0.0, 'compound': 0.0}
	{'neg': 0.0, 'neu': 0.0, 'pos': 0.0, 'compound': 0.0}
	{'neg': 0.0, 'neu': 0.0, 'pos': 0.0, 'compound': 0.0}
	{'neg': 0.0, 'neu': 0.0, 'pos': 0.0, 'compound': 0.0}
	{'neg': 0.0, 'neu': 0.0, 'pos': 0.0, 'compound': 0.0}
	{'neg': 0.0, 'neu': 0.0, 'pos': 0.0, 'compound': 0.0}
	{'neg': 0.0, 'neu': 0.0, 'pos': 0.0, 'compound': 0.0}
	{'neg': 0.0, 'neu': 0.0, 'pos': 0.0, 'compound': 0.0}
"Mariupol ""Marik"" before Putin came there uninvited twitter.com/SklRoma/status‚Ä¶"	{'neg': 0.0, 'neu': 1.0, 'pos': 0.0, 'compound': 0.0}
	{'neg': 0.0, 'neu': 0.0, 'pos': 0.0, 'compound': 0.0}
"@alinetrede We want a reaction from Switzerland!
twitter.com/InnaSovsun/sta‚Ä¶"	{'neg': 0.0, 'neu': 0.815, 'pos': 0.185, 'compound': 0.1511}
	{'neg': 0.0, 'neu': 0.0, 'pos': 0.0, 'compound': 0.0}
	{'neg': 0.0, 'neu': 0.0, 'pos': 0.0, 'compound': 0.0}
@loccitaneusa The taxes you pay in Russia go to finance the army of an aggressor who commits war crimes in Ukraine. These are hundreds of civilian and children's lives. Think about your reputation, support the civilized world.#StopRussia	{'neg': 0.166, 'neu': 0.746, 'pos': 0.089, 'compound': -0.5106}
@loccitaneusa @amyschapter The taxes you pay in Russia go to finance the army of an aggressor who commits war crimes in Ukraine. These are hundreds of civilian and children's lives. Think about your reputation, support the civilized world.#StopRussia	{'neg': 0.162, 'neu': 0.752, 'pos': 0.087, 'compound': -0.5106}
	{'neg': 0.0, 'neu': 0.0, 'pos': 0.0, 'compound': 0.0}
"@idamicha @Mitte_Centre @vbs_ddps We want a reaction from Switzerland!
twitter.com/InnaSovsun/sta‚Ä¶"	{'neg': 0.0, 'neu': 0.85, 'pos': 0.15, 'compound': 0.1511}
	{'neg': 0.0, 'neu': 0.0, 'pos': 0.0, 'compound': 0.0}
	{'neg': 0.0, 'neu': 0.0, 'pos': 0.0, 'compound': 0.0}
Putin is the enemy of the free world! He has long been more than just a criminal, a terrorist and a thug. It is difficult to defeat his army with an assault rifle, you need the Lend-lease law with a wide range of weapons including aircraft, missiles, guns, armoured vehicles, etc. twitter.com/apmassaro3/sta‚Ä¶	{'neg': 0.337, 'neu': 0.616, 'pos': 0.046, 'compound': -0.9674}
"@KathyRiklin We want a reaction from Switzerland!
twitter.com/InnaSovsun/sta‚Ä¶"	{'neg': 0.0, 'neu': 0.815, 'pos': 0.185, 'compound': 0.1511}
	{'neg': 0.0, 'neu': 0.0, 'pos': 0.0, 'compound': 0.0}
	{'neg': 0.0, 'neu': 0.0, 'pos': 0.0, 'compound': 0.0}
"russian famous journalist &amp; filmmaker @NevzorovAG: the new legislation on fakes is in legal conflict to the article 29 of üá∑üá∫ Consitution.
You need to get rid of one of the two. Apparently, you'll opt to null the Consitution
#StopRussia #RussianPropaganda #airdefenseforua twitter.com/NevzorovAG/sta‚Ä¶"	{'neg': 0.109, 'neu': 0.858, 'pos': 0.032, 'compound': -0.5574}
	{'neg': 0.0, 'neu': 0.0, 'pos': 0.0, 'compound': 0.0}
	{'neg': 0.0, 'neu': 0.0, 'pos': 0.0, 'compound': 0.0}
	{'neg': 0.0, 'neu': 0.0, 'pos': 0.0, 'compound': 0.0}
	{'neg': 0.0, 'neu': 0.0, 'pos': 0.0, 'compound': 0.0}
	{'neg': 0.0, 'neu': 0.0, 'pos': 0.0, 'compound': 0.0}
@apmassaro3 Putin is the enemy of the free world! He has long been more than just a criminal, a terrorist and a thug. It is difficult to defeat his army with an assault rifle, you need the Lend-lease law with a wide range of weapons including aircraft, missiles, guns, armoured vehicles, etc.	{'neg': 0.337, 'neu': 0.616, 'pos': 0.046, 'compound': -0.9674}
"@george_ert @darklunni looks like a million dollars!
We live for those moments that make us happy or make us happier for a while. Do not regret anything, our wives will not understand our hobbies, but they are glad to see how passionate we are"	{'neg': 0.0, 'neu': 0.693, 'pos': 0.307, 'compound': 0.9419}
	{'neg': 0.0, 'neu': 0.0, 'pos': 0.0, 'compound': 0.0}
@ThalesDigiSec Stop supporting russia. #StandWithUkraine #StopPutinNOW  #BoycottRussia https://t.co/kgJwKUfoJX	{'neg': 0.198, 'neu': 0.541, 'pos': 0.261, 'compound': 0.1779}
	{'neg': 0.0, 'neu': 0.0, 'pos': 0.0, 'compound': 0.0}
	{'neg': 0.0, 'neu': 0.0, 'pos': 0.0, 'compound': 0.0}
"@jacquelinefehr We want a reaction from Switzerland!
twitter.com/InnaSovsun/sta‚Ä¶"	{'neg': 0.0, 'neu': 0.815, 'pos': 0.185, 'compound': 0.1511}
	{'neg': 0.0, 'neu': 0.0, 'pos': 0.0, 'compound': 0.0}
	{'neg': 0.0, 'neu': 0.0, 'pos': 0.0, 'compound': 0.0}
"The butcher of #Mariupol gen. Mizintsev to a junior officer (intercept):

- Look at this little scum. Dressed not in uniform, but in his scum sweater. Why isn‚Äôt his face not messed up yet? Why aren‚Äôt his ears cut off? Why wasn‚Äôt he beat with a bottle at night? Huh, comrade Scum? https://t.co/226N5vI7ia"	{'neg': 0.063, 'neu': 0.892, 'pos': 0.045, 'compound': -0.2631}
	{'neg': 0.0, 'neu': 0.0, 'pos': 0.0, 'compound': 0.0}
	{'neg': 0.0, 'neu': 0.0, 'pos': 0.0, 'compound': 0.0}
	{'neg': 0.0, 'neu': 0.0, 'pos': 0.0, 'compound': 0.0}
"@M_Aebischer @ignaziocassis We want a reaction from Switzerland!
twitter.com/InnaSovsun/sta‚Ä¶"	{'neg': 0.0, 'neu': 0.834, 'pos': 0.166, 'compound': 0.1511}
	{'neg': 0.0, 'neu': 0.0, 'pos': 0.0, 'compound': 0.0}
	{'neg': 0.0, 'neu': 0.0, 'pos': 0.0, 'compound': 0.0}
@TsybulskaLiubov I am just an expat in your beautiful country. I also refused to leave. Still in the country but a safer place, after i barely survived from Irpin. Now, i also can't wait to go back and participate in rebuilding with all my power to make this country even greater than before!!! üá∫üá¶	{'neg': 0.042, 'neu': 0.739, 'pos': 0.22, 'compound': 0.9272}
@gabivitoriano @YourAnonTV How can Russians consider Ukrainians as brothers if they have more than 70% of Russian people supporting the war against Ukraine?	{'neg': 0.14, 'neu': 0.755, 'pos': 0.104, 'compound': -0.25}
	{'neg': 0.0, 'neu': 0.0, 'pos': 0.0, 'compound': 0.0}
"The label on the van's door says ""Pull"". The jokes write themselves. twitter.com/MelaniePodolya‚Ä¶"	{'neg': 0.0, 'neu': 0.857, 'pos': 0.143, 'compound': 0.25}
Idk about you guys but my entire soul is just tired.	{'neg': 0.359, 'neu': 0.641, 'pos': 0.0, 'compound': -0.6187}
"üì¢ Together with partner #media organizations, we appeal not to use erroneous terminology that strengthens the #Russian #disinformation:‚ùå""Ukraine Crisis"", ""Ukraine conflict"", ""Putin's war"" and othersüëâ bit.ly/3NgDbVy

#StandWithUkraine #UkraineWillWin #Ukraine https://t.co/dLOfZYTKxk"	{'neg': 0.221, 'neu': 0.665, 'pos': 0.114, 'compound': -0.7156}
	{'neg': 0.0, 'neu': 0.0, 'pos': 0.0, 'compound': 0.0}
	{'neg': 0.0, 'neu': 0.0, 'pos': 0.0, 'compound': 0.0}
	{'neg': 0.0, 'neu': 0.0, 'pos': 0.0, 'compound': 0.0}
	{'neg': 0.0, 'neu': 0.0, 'pos': 0.0, 'compound': 0.0}
	{'neg': 0.0, 'neu': 0.0, 'pos': 0.0, 'compound': 0.0}
@Bundeskanzler In 2008 Germany had prevented Ukraine from joining NATO and now is against no fly zone to protect civilians from genocide.	{'neg': 0.088, 'neu': 0.763, 'pos': 0.149, 'compound': 0.128}
‚ö°Nestle is partly retreating from the Russian Federation ‚Äî the company announced that it was withdrawing the KitKat and Nesquik brands from Russia.	{'neg': 0.0, 'neu': 1.0, 'pos': 0.0, 'compound': 0.0}
petition for laura dern to return to jurassic park and hunt chris pratt for sport	{'neg': 0.0, 'neu': 1.0, 'pos': 0.0, 'compound': 0.0}
I wish there was no Patreon integration code for @AudienceRep project	{'neg': 0.158, 'neu': 0.647, 'pos': 0.194, 'compound': 0.128}
@Dream__boy10 ü§£ü§£ü§£ü§£ them no dey tell person, bro all this punters lost huge too, nobody is betting responsibly except you don't just have money, the best way to win is to quit	{'neg': 0.065, 'neu': 0.603, 'pos': 0.332, 'compound': 0.9618}
this isn‚Äôt about hipsters and mainstream culture. this is about how we‚Äôre living in an age that is so dependent on social media identity that it is more important to curate yourself as someone who appears as though they are competent through their appearance rather than actions	{'neg': 0.0, 'neu': 0.911, 'pos': 0.089, 'compound': 0.5256}
"‚ö°Ô∏èPeskov: Russia to use nuclear weapons if country's existence is threatened.

Kremlin‚Äôs spokesperson Dmitry Peskov said that there‚Äôs no other reason Russia could use nuclear weapons, Russian media RIA Novosti reported.

 twitter.com/KyivIndependen‚Ä¶
#ukrain‚Ä¶ twitter.com/nbahhanbahob/s‚Ä¶"	{'neg': 0.262, 'neu': 0.738, 'pos': 0.0, 'compound': -0.875}
	{'neg': 0.0, 'neu': 0.0, 'pos': 0.0, 'compound': 0.0}
"You know that things in Ukraine are getting back under control as more regions start selling booze again and regular Ukrainians resume shitstorming each other on Facebook over every single slightest thing possible.

 twitter.com/IAPonomarenko/‚Ä¶
#ukraine #uk‚Ä¶ twitter.com/nbahhanbahob/s‚Ä¶"	{'neg': 0.0, 'neu': 1.0, 'pos': 0.0, 'compound': 0.0}
	{'neg': 0.0, 'neu': 0.0, 'pos': 0.0, 'compound': 0.0}
"‚ö°Ô∏èZelensky to join NATO summit on March 24. 

President Volodymyr Zelensky will give a virtual address to the NATO summit participants. He will speak about the need to stop Russia‚Äôs war crimes by closing the sky above Ukraine or supplying the country wit‚Ä¶ twitter.com/nbahhanbahob/s‚Ä¶"	{'neg': 0.121, 'neu': 0.835, 'pos': 0.044, 'compound': -0.5994}
"Every day that passes, more civilians are killed. Every business relationship with Russia means more money to finance this genocide.
STOP IT NOW.
#StopPutinsWar #FreeUkraine #WeAreAllUkrainians #StandWithUkraine #StopTheWar #StopWar #Ukraine #United #Sup‚Ä¶ twitter.com/nbahhanbahob/s‚Ä¶"	{'neg': 0.19, 'neu': 0.741, 'pos': 0.069, 'compound': -0.7093}
	{'neg': 0.0, 'neu': 0.0, 'pos': 0.0, 'compound': 0.0}
	{'neg': 0.0, 'neu': 0.0, 'pos': 0.0, 'compound': 0.0}
	{'neg': 0.0, 'neu': 0.0, 'pos': 0.0, 'compound': 0.0}
	{'neg': 0.0, 'neu': 0.0, 'pos': 0.0, 'compound': 0.0}
	{'neg': 0.0, 'neu': 0.0, 'pos': 0.0, 'compound': 0.0}
	{'neg': 0.0, 'neu': 0.0, 'pos': 0.0, 'compound': 0.0}
	{'neg': 0.0, 'neu': 0.0, 'pos': 0.0, 'compound': 0.0}
	{'neg': 0.0, 'neu': 0.0, 'pos': 0.0, 'compound': 0.0}
"Carlson is such an American traitor üòëüòëüòë twitter.com/seditionintel/‚Ä¶

 twitter.com/SUNSHINE179/st‚Ä¶
#ukraine #ukrainewar #russia #Ukrainain #russian #ukraineinvasion 

twitter.com/nbahhanbahob/s‚Ä¶"	{'neg': 0.0, 'neu': 1.0, 'pos': 0.0, 'compound': 0.0}
	{'neg': 0.0, 'neu': 0.0, 'pos': 0.0, 'compound': 0.0}
	{'neg': 0.0, 'neu': 0.0, 'pos': 0.0, 'compound': 0.0}
	{'neg': 0.0, 'neu': 0.0, 'pos': 0.0, 'compound': 0.0}
	{'neg': 0.0, 'neu': 0.0, 'pos': 0.0, 'compound': 0.0}
	{'neg': 0.0, 'neu': 0.0, 'pos': 0.0, 'compound': 0.0}
enemy does not believe that this is real. https://t.co/zCIXoySPBB	{'neg': 0.304, 'neu': 0.696, 'pos': 0.0, 'compound': -0.5423}
	{'neg': 0.0, 'neu': 0.0, 'pos': 0.0, 'compound': 0.0}
	{'neg': 0.0, 'neu': 0.0, 'pos': 0.0, 'compound': 0.0}
	{'neg': 0.0, 'neu': 0.0, 'pos': 0.0, 'compound': 0.0}
I really wonder if all those experts who predicted Ukraine's fall in 3 days are still employed and get paid by the reputable institutions? twitter.com/DShulga/status‚Ä¶	{'neg': 0.0, 'neu': 1.0, 'pos': 0.0, 'compound': 0.0}
Millions of our people are constantly proving themselves as heroes. Once - ordinary Ukrainians, and now - fighters. Men and women who stand up to defend our state. Everywhere: in the south, in the east, in the north, in the center, in the west and abroad. They rise so that the https://t.co/xpFeZeeh86	{'neg': 0.022, 'neu': 0.917, 'pos': 0.061, 'compound': 0.4767}
	{'neg': 0.0, 'neu': 0.0, 'pos': 0.0, 'compound': 0.0}
	{'neg': 0.0, 'neu': 0.0, 'pos': 0.0, 'compound': 0.0}
	{'neg': 0.0, 'neu': 0.0, 'pos': 0.0, 'compound': 0.0}
@davidhsherman13 Could you please try to Uninstall System Extension? After that, try to run Dynamic Analysis again and let us know if it works. https://t.co/mk2d4kQQSp	{'neg': 0.0, 'neu': 0.824, 'pos': 0.176, 'compound': 0.5994}
@KyivIndependent Is this verified? If so... I would really not want to be a Russian artillery man in the towns of Bucha, Irpin or Hostomel.	{'neg': 0.059, 'neu': 0.941, 'pos': 0.0, 'compound': -0.1281}
"#russian troops fired white phosphorus munitions at the outskirts of #Kyiv, the use of which is prohibited against civilians by the Geneva Convention. This is a crime against humanity.
#putin must pay! https://t.co/cwfhFndpiY"	{'neg': 0.227, 'neu': 0.773, 'pos': 0.0, 'compound': -0.8313}
	{'neg': 0.0, 'neu': 0.0, 'pos': 0.0, 'compound': 0.0}
	{'neg': 0.0, 'neu': 0.0, 'pos': 0.0, 'compound': 0.0}
"#Ukraine was raising alarm about Russia‚Äôs energy attack on Europe since last summer.
Record prices - not the result of a lack of energy resources, but the result of a conscious policy of üá∑üá∫ aimed at creating panic in energy markets. üá∑üá∫ wants the entire üá™üá∫ to kneel down before it."	{'neg': 0.16, 'neu': 0.7, 'pos': 0.139, 'compound': -0.3182}
@Bundeskanzler Putin is the enemy of the free world! He has long been more than just a criminal, a terrorist and a thug. It is difficult to defeat his army with an assault rifle, you need the Lend-lease law with a wide range of weapons including aircraft, missiles, guns, armoured vehicles, etc.	{'neg': 0.337, 'neu': 0.616, 'pos': 0.046, 'compound': -0.9674}
the mall goth aesthetic but nobody goes to the mall to be annoying and weird and nobody lets themselves be cringe‚Ä¶ the cottagecore aesthetic but nobody knows how to raise gardens or live self sufficiently ‚Ä¶ the dark academia aesthetic but nobody actually reads books‚Ä¶.	{'neg': 0.115, 'neu': 0.885, 'pos': 0.0, 'compound': -0.6808}
@uc__precious @seyi_moneygram That after this	{'neg': 0.0, 'neu': 1.0, 'pos': 0.0, 'compound': 0.0}
	{'neg': 0.0, 'neu': 0.0, 'pos': 0.0, 'compound': 0.0}
"@jebentier @pegasustits @Droziki1 @spectatorindex 71% of russian citizens support this war. Especially the poorest and most depressive russian regions do.

Russian emigrants persecute and threaten Ukrainian refugees across Europe 

Russian troops commit genocide not because of orders. They do it because they can."	{'neg': 0.294, 'neu': 0.622, 'pos': 0.085, 'compound': -0.9201}
	{'neg': 0.0, 'neu': 0.0, 'pos': 0.0, 'compound': 0.0}
	{'neg': 0.0, 'neu': 0.0, 'pos': 0.0, 'compound': 0.0}
	{'neg': 0.0, 'neu': 0.0, 'pos': 0.0, 'compound': 0.0}
"@USAmbNATO @USNATO @POTUS Apart from Russia, Belarus, Armenia, Syria, and the CSTO are actually fighting against Ukraine.
They are not afraid of ""World War III"", but NATO's strongest military bloc is afraid?
Or maybe they are waiting for the destruction of Ukraine?
Shame and disgrace! https://t.co/q0Dok1PLxg"	{'neg': 0.295, 'neu': 0.643, 'pos': 0.062, 'compound': -0.9382}
	{'neg': 0.0, 'neu': 0.0, 'pos': 0.0, 'compound': 0.0}
	{'neg': 0.0, 'neu': 0.0, 'pos': 0.0, 'compound': 0.0}
@IgorKossov @lapatina_ These murderers will do anything..What do you expect from an army who brings mobile crematoriums to a neighbor country to burn their own soldiers?!! %100 fascist and %100 evil these bastards are for sure!!! Ukraine will win! Ukraine will prevail! üá∫üá¶üá∫üá¶üá∫üá¶	{'neg': 0.288, 'neu': 0.611, 'pos': 0.101, 'compound': -0.9241}
	{'neg': 0.0, 'neu': 0.0, 'pos': 0.0, 'compound': 0.0}
@mashine_eth Doesn‚Äôt true, lol https://t.co/kM2V8TETNh	{'neg': 0.0, 'neu': 0.349, 'pos': 0.651, 'compound': 0.6808}
"@8cuddlyskz @seungdduk oh thank god‚ò∫Ô∏è

im team door btw"	{'neg': 0.0, 'neu': 0.513, 'pos': 0.487, 'compound': 0.765}
	{'neg': 0.0, 'neu': 0.0, 'pos': 0.0, 'compound': 0.0}
@ECISchools We are honoured to be a member of the ECIS community! Thank you for your support!	{'neg': 0.0, 'neu': 0.609, 'pos': 0.391, 'compound': 0.8395}
Ahhh Dr Frankenstein runs away from the monster he helped to create twitter.com/rprose/status/‚Ä¶	{'neg': 0.0, 'neu': 0.851, 'pos': 0.149, 'compound': 0.2732}
And a shell flew to the Kremlin... Molotov cocktail #Russia #StandWithUkraine https://t.co/MGKZQzlT3w	{'neg': 0.0, 'neu': 1.0, 'pos': 0.0, 'compound': 0.0}
	{'neg': 0.0, 'neu': 0.0, 'pos': 0.0, 'compound': 0.0}
"#SaveUkrainianChildren
#UkraineRussiaWar #UkraineFightsForFreedom #russiasWarCrimeInUkraine
Find more details about russia's war with the whole World on #DefenseExpress in Ukrainian
en.defence-ua.com/news/day_28th_‚Ä¶ https://t.co/j7QcJPRzuh"	{'neg': 0.17, 'neu': 0.83, 'pos': 0.0, 'compound': -0.5994}
	{'neg': 0.0, 'neu': 0.0, 'pos': 0.0, 'compound': 0.0}
	{'neg': 0.0, 'neu': 0.0, 'pos': 0.0, 'compound': 0.0}
	{'neg': 0.0, 'neu': 0.0, 'pos': 0.0, 'compound': 0.0}
	{'neg': 0.0, 'neu': 0.0, 'pos': 0.0, 'compound': 0.0}
@RealDjLennon2 @ayebazibweagath Tele what?ü§îüòÇüòÇü§£ü§£ü§£ü§£	{'neg': 0.0, 'neu': 1.0, 'pos': 0.0, 'compound': 0.0}
	{'neg': 0.0, 'neu': 0.0, 'pos': 0.0, 'compound': 0.0}
"We are hiring!
TOP open positions are: 

üíª QA Team Lead (web)
üíª Senior/ Lead HTML5/JavaScript Game Developer
üíª HTML5/JavaScript Game Developer
‚úÖ Project manager (game dev/ slots)
üé® Lead 2D artist / Art Director

Check additional information here:
ingamejob.com/ru/company/twi‚Ä¶ https://t.co/XiLsoxnVnT"	{'neg': 0.0, 'neu': 0.943, 'pos': 0.057, 'compound': 0.4263}
	{'neg': 0.0, 'neu': 0.0, 'pos': 0.0, 'compound': 0.0}
"@cedricwermuth We want a reaction from Switzerland!
twitter.com/InnaSovsun/sta‚Ä¶"	{'neg': 0.0, 'neu': 0.815, 'pos': 0.185, 'compound': 0.1511}
	{'neg': 0.0, 'neu': 0.0, 'pos': 0.0, 'compound': 0.0}
	{'neg': 0.0, 'neu': 0.0, 'pos': 0.0, 'compound': 0.0}
@CerseiLe @ruskin147 @XSovietNews @FT Its more Schroeder and the EU frankly. Outsourcing energy policy to an enemy is just idiotic. And the CCP are even worse ‚Äî look at DC think tanks, universities &amp; corporations (including Apple &amp; the rest of Big Tech). UK small potatoes compared to Chinese influence in the US	{'neg': 0.166, 'neu': 0.799, 'pos': 0.034, 'compound': -0.8442}
	{'neg': 0.0, 'neu': 0.0, 'pos': 0.0, 'compound': 0.0}
	{'neg': 0.0, 'neu': 0.0, 'pos': 0.0, 'compound': 0.0}
	{'neg': 0.0, 'neu': 0.0, 'pos': 0.0, 'compound': 0.0}
"@CeslaAmarelle @nuriagorrite @reb_ruiz @VenizelosVass We want a reaction from Switzerland!
twitter.com/InnaSovsun/sta‚Ä¶"	{'neg': 0.0, 'neu': 0.863, 'pos': 0.137, 'compound': 0.1511}
	{'neg': 0.0, 'neu': 0.0, 'pos': 0.0, 'compound': 0.0}
	{'neg': 0.0, 'neu': 0.0, 'pos': 0.0, 'compound': 0.0}
	{'neg': 0.0, 'neu': 0.0, 'pos': 0.0, 'compound': 0.0}
@8cuddlyskz @seungdduk sorry, i didn‚Äôt mean to insult youüòî	{'neg': 0.331, 'neu': 0.576, 'pos': 0.094, 'compound': -0.5106}
	{'neg': 0.0, 'neu': 0.0, 'pos': 0.0, 'compound': 0.0}
"#SaveUkrainianChildren
#UkraineRussiaWar #UkraineFightsForFreedom #russiasWarCrimeInUkraine
Find more details about russia's war with the whole World on #DefenseExpress in English
en.defence-ua.com/news/day_28th_‚Ä¶ https://t.co/O3s3nA57Ib"	{'neg': 0.17, 'neu': 0.83, 'pos': 0.0, 'compound': -0.5994}
	{'neg': 0.0, 'neu': 0.0, 'pos': 0.0, 'compound': 0.0}
	{'neg': 0.0, 'neu': 0.0, 'pos': 0.0, 'compound': 0.0}
	{'neg': 0.0, 'neu': 0.0, 'pos': 0.0, 'compound': 0.0}
	{'neg': 0.0, 'neu': 0.0, 'pos': 0.0, 'compound': 0.0}
Another important argument in support of the fall of RF as an empire, or a ‚Äúfederation‚Äù. There should be no ‚Äúrussia‚Äù, but a bunch of smallee countries instead, rebuilding their erased heritage. And only the useless swamplands of Muscovy for us to worry about.	{'neg': 0.209, 'neu': 0.729, 'pos': 0.062, 'compound': -0.8248}
@NVIDIAEU @Linus__Torvalds was right afterall, fuck nvidia! Make GPUs not war!	{'neg': 0.252, 'neu': 0.555, 'pos': 0.194, 'compound': -0.2354}
	{'neg': 0.0, 'neu': 0.0, 'pos': 0.0, 'compound': 0.0}
@instablog9ja I no dey chop for people house	{'neg': 0.239, 'neu': 0.761, 'pos': 0.0, 'compound': -0.296}
So proud to know all these amazing people! Even in war, Ukrainian programmers are a force to be reckoned with. üí™üá∫üá¶ twitter.com/BITech/status/‚Ä¶	{'neg': 0.124, 'neu': 0.637, 'pos': 0.238, 'compound': 0.5551}
Near Kyiv, the military of the Armed Forces of Ukraine took Irpin, Bucha and Gostomel in the ring, where the fiercest fighting since the beginning of the Russian invasion was fought. This was reported by the Bucha City Council.	{'neg': 0.115, 'neu': 0.885, 'pos': 0.0, 'compound': -0.5859}
	{'neg': 0.0, 'neu': 0.0, 'pos': 0.0, 'compound': 0.0}
"@NordmannRoger @spschweiz We want a reaction from Switzerland!
twitter.com/InnaSovsun/sta‚Ä¶"	{'neg': 0.0, 'neu': 0.834, 'pos': 0.166, 'compound': 0.1511}
	{'neg': 0.0, 'neu': 0.0, 'pos': 0.0, 'compound': 0.0}
	{'neg': 0.0, 'neu': 0.0, 'pos': 0.0, 'compound': 0.0}
@JPutout @opensea Oh, yes üòç	{'neg': 0.0, 'neu': 0.513, 'pos': 0.487, 'compound': 0.6908}
	{'neg': 0.0, 'neu': 0.0, 'pos': 0.0, 'compound': 0.0}
@Ag_Absurdum @EdwardNorton @navalny So yes, I see two maniacs with imperial ambitions. One of them reached the power and started war in 2014. Another one supported that war, but luckily has no power. I don't see how placing navalny in putin's chair can change anything right now.	{'neg': 0.161, 'neu': 0.674, 'pos': 0.165, 'compound': 0.0633}
	{'neg': 0.0, 'neu': 0.0, 'pos': 0.0, 'compound': 0.0}
	{'neg': 0.0, 'neu': 0.0, 'pos': 0.0, 'compound': 0.0}
"CALL WAR, WAR 

We call on our followers, media colleagues &amp; beyond to stop using terms such as: 

Ukraine conflict ‚ùå
Ukraine situation ‚ùå
Ukraine crisis ‚ùå

Instead:

Russian war against Ukraine ‚úÖ
Russian invasion of Ukraine ‚úÖ
Russian-Ukrainian War ‚úÖ

Wording MATTERS ‚úçÔ∏è https://t.co/u8b9RpBIhc"	{'neg': 0.331, 'neu': 0.645, 'pos': 0.024, 'compound': -0.9772}
@danj75uk Agree, but this is obviously laying the groundwork for hate towards these countries or meant to desensitize the public for the upcoming atrocities	{'neg': 0.175, 'neu': 0.764, 'pos': 0.061, 'compound': -0.6486}
"@MullerAltermatt We want a reaction from Switzerland!
twitter.com/InnaSovsun/sta‚Ä¶"	{'neg': 0.0, 'neu': 0.815, 'pos': 0.185, 'compound': 0.1511}
	{'neg': 0.0, 'neu': 0.0, 'pos': 0.0, 'compound': 0.0}
	{'neg': 0.0, 'neu': 0.0, 'pos': 0.0, 'compound': 0.0}
@bort_tv @foundation GM Bortüôèüèªüôèüèªüôèüèª‚òÄÔ∏è‚ù§Ô∏è	{'neg': 0.0, 'neu': 1.0, 'pos': 0.0, 'compound': 0.0}
	{'neg': 0.0, 'neu': 0.0, 'pos': 0.0, 'compound': 0.0}
"@bastiengirod @s_sommaruga We want a reaction from Switzerland!
twitter.com/InnaSovsun/sta‚Ä¶"	{'neg': 0.0, 'neu': 0.834, 'pos': 0.166, 'compound': 0.1511}
	{'neg': 0.0, 'neu': 0.0, 'pos': 0.0, 'compound': 0.0}
	{'neg': 0.0, 'neu': 0.0, 'pos': 0.0, 'compound': 0.0}
"Some girls are beautiful banaeüòåehh!!‚ò∫Ô∏è

But just allow me to crush on her for today only ü§®ü•∞ https://t.co/3K1CRCp8uH"	{'neg': 0.049, 'neu': 0.614, 'pos': 0.337, 'compound': 0.8829}
@andshoal @ruskin147 @FT Has nothing to do with right or left. In the US everyone in DC on the CCP payroll too. And the hard leftists share a common ideology with Putin and Xi	{'neg': 0.039, 'neu': 0.899, 'pos': 0.062, 'compound': 0.2023}
	{'neg': 0.0, 'neu': 0.0, 'pos': 0.0, 'compound': 0.0}
	{'neg': 0.0, 'neu': 0.0, 'pos': 0.0, 'compound': 0.0}
@photo_gurapher @foundation GM GM üôèüèª‚òÄÔ∏è	{'neg': 0.0, 'neu': 1.0, 'pos': 0.0, 'compound': 0.0}
	{'neg': 0.0, 'neu': 0.0, 'pos': 0.0, 'compound': 0.0}
"@andrisilber We want a reaction from Switzerland!
twitter.com/InnaSovsun/sta‚Ä¶"	{'neg': 0.0, 'neu': 0.815, 'pos': 0.185, 'compound': 0.1511}
	{'neg': 0.0, 'neu': 0.0, 'pos': 0.0, 'compound': 0.0}
	{'neg': 0.0, 'neu': 0.0, 'pos': 0.0, 'compound': 0.0}
Putin is sure he has an unlimited indulgence to commit his crimes against freedom and progress. We should hold him accountable.¬† @IEA @OECD @SecGranholm @StefanishynaO @McFaul	{'neg': 0.0, 'neu': 0.657, 'pos': 0.343, 'compound': 0.8885}
	{'neg': 0.0, 'neu': 0.0, 'pos': 0.0, 'compound': 0.0}
	{'neg': 0.0, 'neu': 0.0, 'pos': 0.0, 'compound': 0.0}
	{'neg': 0.0, 'neu': 0.0, 'pos': 0.0, 'compound': 0.0}
	{'neg': 0.0, 'neu': 0.0, 'pos': 0.0, 'compound': 0.0}
‚ÄúIf RF is a prison of nations, then their army is a penitentiary. Near 0 fallen from the capitals, all from distant corners, representatives of enslaved peoples - from the Buryats to the Kazakhs. RF commits a genocide of Ukrainian people, but also of the peoples-prisoners of RF.‚Äù twitter.com/saver_ag/statu‚Ä¶	{'neg': 0.111, 'neu': 0.869, 'pos': 0.02, 'compound': -0.5719}
"@Jungfreisinnige @phil_liberal @jfsolothurn We want a reaction from Switzerland!
twitter.com/InnaSovsun/sta‚Ä¶"	{'neg': 0.0, 'neu': 0.85, 'pos': 0.15, 'compound': 0.1511}
	{'neg': 0.0, 'neu': 0.0, 'pos': 0.0, 'compound': 0.0}
	{'neg': 0.0, 'neu': 0.0, 'pos': 0.0, 'compound': 0.0}
@barbarapompili @LesEchos Stop buying Russian gas and help stop armed aggression, killing civilians and destroying entire cities in Ukraine. You can stop this war, remember!	{'neg': 0.524, 'neu': 0.41, 'pos': 0.065, 'compound': -0.9585}
	{'neg': 0.0, 'neu': 0.0, 'pos': 0.0, 'compound': 0.0}
@MinisterKenE @RobJetten @ministerlnv Stop buying Russian gas and help stop armed aggression, killing civilians and destroying entire cities in Ukraine. You can stop this war, remember!	{'neg': 0.512, 'neu': 0.424, 'pos': 0.064, 'compound': -0.9585}
	{'neg': 0.0, 'neu': 0.0, 'pos': 0.0, 'compound': 0.0}
	{'neg': 0.0, 'neu': 0.0, 'pos': 0.0, 'compound': 0.0}
"@PetraGoessi We want a reaction from Switzerland!
twitter.com/InnaSovsun/sta‚Ä¶"	{'neg': 0.0, 'neu': 0.815, 'pos': 0.185, 'compound': 0.1511}
	{'neg': 0.0, 'neu': 0.0, 'pos': 0.0, 'compound': 0.0}
	{'neg': 0.0, 'neu': 0.0, 'pos': 0.0, 'compound': 0.0}
"If putin are not stopped in Ukraine, war will come in Europe. Don‚Äôt doubt. russians already flying over Ukraine with planes with the inscription ""to Berlin"", so help stop Ukraine's war before it's too late!
#SaveUkraine #stopputin #stoprussia
@EmmanuelMacron @Bundeskanzler @NATO"	{'neg': 0.246, 'neu': 0.658, 'pos': 0.097, 'compound': -0.8365}
	{'neg': 0.0, 'neu': 0.0, 'pos': 0.0, 'compound': 0.0}
	{'neg': 0.0, 'neu': 0.0, 'pos': 0.0, 'compound': 0.0}
"@Ag_Absurdum @EdwardNorton @navalny This was started from geopolitical bullshit theories of putin. Crimea is russian, people should decide for themselves, etc. And navalny said the same. He didn't say that his russia should leave Crimea unconditionally. He started to declare conditions like ""fair referendum""."	{'neg': 0.1, 'neu': 0.803, 'pos': 0.096, 'compound': -0.0516}
	{'neg': 0.0, 'neu': 0.0, 'pos': 0.0, 'compound': 0.0}
	{'neg': 0.0, 'neu': 0.0, 'pos': 0.0, 'compound': 0.0}
In Ukraine's social media there's disappointment by level of Western military analysis - proved having over-estimated Russian army. Probable explanation: Western experts read Russian sources and believed them. Ukrainians had direct practical knowledge but were not much heard.	{'neg': 0.055, 'neu': 0.945, 'pos': 0.0, 'compound': -0.2846}
@fatih_donmez Stop buying Russian gas and help stop armed aggression, killing civilians and destroying entire cities in Ukraine. You can stop this war, remember!	{'neg': 0.537, 'neu': 0.396, 'pos': 0.067, 'compound': -0.9585}
Russia wants you to think that Russian energy is irreplaceable. But this is not the case. Europe can and should take a set of actions to make Russian energy unimportant.¬† @IEA @StefanishynaO @SecGranholm @OECD	{'neg': 0.077, 'neu': 0.813, 'pos': 0.11, 'compound': 0.0644}
	{'neg': 0.0, 'neu': 0.0, 'pos': 0.0, 'compound': 0.0}
	{'neg': 0.0, 'neu': 0.0, 'pos': 0.0, 'compound': 0.0}
	{'neg': 0.0, 'neu': 0.0, 'pos': 0.0, 'compound': 0.0}
@Atmonez Everything will be fine! We‚Äôre waiting for you back! https://t.co/OF95fwVefU	{'neg': 0.0, 'neu': 0.807, 'pos': 0.193, 'compound': 0.3365}
"@RuthHumbel We want a reaction from Switzerland!
twitter.com/InnaSovsun/sta‚Ä¶"	{'neg': 0.0, 'neu': 0.815, 'pos': 0.185, 'compound': 0.1511}
	{'neg': 0.0, 'neu': 0.0, 'pos': 0.0, 'compound': 0.0}
	{'neg': 0.0, 'neu': 0.0, 'pos': 0.0, 'compound': 0.0}
@luigidimaio @ZelenskyyUa Stop buying Russian gas and help stop armed aggression, killing civilians and destroying entire cities in Ukraine. You can stop this war, remember!	{'neg': 0.524, 'neu': 0.41, 'pos': 0.065, 'compound': -0.9585}
	{'neg': 0.0, 'neu': 0.0, 'pos': 0.0, 'compound': 0.0}
"@Damian_Mueller_ We want a reaction from Switzerland!
twitter.com/InnaSovsun/sta‚Ä¶"	{'neg': 0.0, 'neu': 0.815, 'pos': 0.185, 'compound': 0.1511}
	{'neg': 0.0, 'neu': 0.0, 'pos': 0.0, 'compound': 0.0}
	{'neg': 0.0, 'neu': 0.0, 'pos': 0.0, 'compound': 0.0}
lovely sunny walks, creamy mushroom soup, cozy listening to my cat snore as she sleeps - i miss life and i want to go home	{'neg': 0.052, 'neu': 0.689, 'pos': 0.259, 'compound': 0.743}
‚ô®Ô∏è In the center of Moscow, an unknown person threw a Molotov cocktail at the Kremlin wall. https://t.co/qKLrB7afnN	{'neg': 0.0, 'neu': 1.0, 'pos': 0.0, 'compound': 0.0}
	{'neg': 0.0, 'neu': 0.0, 'pos': 0.0, 'compound': 0.0}
"@Elisabeth_S_S We want a reaction from Switzerland!
twitter.com/InnaSovsun/sta‚Ä¶"	{'neg': 0.0, 'neu': 0.815, 'pos': 0.185, 'compound': 0.1511}
	{'neg': 0.0, 'neu': 0.0, 'pos': 0.0, 'compound': 0.0}
	{'neg': 0.0, 'neu': 0.0, 'pos': 0.0, 'compound': 0.0}
‚ö°Ô∏èConsequences of the shelling of the capital by Russian troops. Photo by Mykola Vororoznyk, Deputy Head of the Kyiv City State Administration. #StopPutinNOW #StopRussia #StopPutinWar #stopPutin #KyivNow #CloseTheSky https://t.co/ROA1ebYQH0	{'neg': 0.0, 'neu': 1.0, 'pos': 0.0, 'compound': 0.0}
	{'neg': 0.0, 'neu': 0.0, 'pos': 0.0, 'compound': 0.0}
	{'neg': 0.0, 'neu': 0.0, 'pos': 0.0, 'compound': 0.0}
	{'neg': 0.0, 'neu': 0.0, 'pos': 0.0, 'compound': 0.0}
	{'neg': 0.0, 'neu': 0.0, 'pos': 0.0, 'compound': 0.0}
	{'neg': 0.0, 'neu': 0.0, 'pos': 0.0, 'compound': 0.0}
"@bglaettli @GrueneCH We want a reaction from Switzerland!
twitter.com/InnaSovsun/sta‚Ä¶"	{'neg': 0.0, 'neu': 0.834, 'pos': 0.166, 'compound': 0.1511}
	{'neg': 0.0, 'neu': 0.0, 'pos': 0.0, 'compound': 0.0}
	{'neg': 0.0, 'neu': 0.0, 'pos': 0.0, 'compound': 0.0}
"What's going on on Kyiv's outskirts these days. A real insight into how Ukrainians fend off this onrush

gist.github.com/filingroove/65‚Ä¶ https://t.co/nyfj5DsyRo"	{'neg': 0.0, 'neu': 1.0, 'pos': 0.0, 'compound': 0.0}
@kysusha2 I think, similar to what their soldiers are  doing here, they know that britain, us, and france would definitely hesitate killing millions of people in one go.	{'neg': 0.19, 'neu': 0.731, 'pos': 0.079, 'compound': -0.5859}
"Twitter asks me 'What's happening?' And I say that I added new artwork on @Behance. You can watch it. It's about mental health and a sense of humor

#Procreate #procreateart #behance 
 behance.net/gallery/139984‚Ä¶ https://t.co/GQtImzPIXV"	{'neg': 0.0, 'neu': 0.938, 'pos': 0.062, 'compound': 0.2732}
	{'neg': 0.0, 'neu': 0.0, 'pos': 0.0, 'compound': 0.0}
	{'neg': 0.0, 'neu': 0.0, 'pos': 0.0, 'compound': 0.0}
@peteraltmaier Stop buying Russian gas and help stop armed aggression, killing civilians and destroying entire cities in Ukraine. You can stop this war, remember! https://t.co/bmZgbccp7O	{'neg': 0.524, 'neu': 0.41, 'pos': 0.065, 'compound': -0.9585}
@Sergio_Keran meh XX	{'neg': 0.394, 'neu': 0.606, 'pos': 0.0, 'compound': -0.0772}
	{'neg': 0.0, 'neu': 0.0, 'pos': 0.0, 'compound': 0.0}
"@AndreaCaroniAR @chparlament We want a reaction from Switzerland!
twitter.com/InnaSovsun/sta‚Ä¶"	{'neg': 0.0, 'neu': 0.834, 'pos': 0.166, 'compound': 0.1511}
	{'neg': 0.0, 'neu': 0.0, 'pos': 0.0, 'compound': 0.0}
	{'neg': 0.0, 'neu': 0.0, 'pos': 0.0, 'compound': 0.0}
"@MaikovaKatya @foundation Ooohohohhhh
My pleasure dearüôèüèªüôèüèªüôèüèª‚ù§Ô∏è"	{'neg': 0.0, 'neu': 0.769, 'pos': 0.231, 'compound': 0.743}
	{'neg': 0.0, 'neu': 0.0, 'pos': 0.0, 'compound': 0.0}
@BJSmithArt GM)Successful sales!	{'neg': 0.0, 'neu': 1.0, 'pos': 0.0, 'compound': 0.0}
	{'neg': 0.0, 'neu': 0.0, 'pos': 0.0, 'compound': 0.0}
"@RuediNoser We want a reaction from Switzerland!
twitter.com/InnaSovsun/sta‚Ä¶"	{'neg': 0.0, 'neu': 0.815, 'pos': 0.185, 'compound': 0.1511}
	{'neg': 0.0, 'neu': 0.0, 'pos': 0.0, 'compound': 0.0}
	{'neg': 0.0, 'neu': 0.0, 'pos': 0.0, 'compound': 0.0}
@Josh_Young_1 Great article and awesome picks. Missed out on Journey but have Baytex and Sandridge as my biggest winners	{'neg': 0.062, 'neu': 0.58, 'pos': 0.358, 'compound': 0.8248}
@Turtology_NFT @kokid951 üî•üî• good man	{'neg': 0.41, 'neu': 0.342, 'pos': 0.248, 'compound': -0.2263}
	{'neg': 0.0, 'neu': 0.0, 'pos': 0.0, 'compound': 0.0}
@bort_tv @manuelvelez_1 Ahhhhh Bort, many many thanks to you üôèüèªüôèüèªüôèüèª‚òÄÔ∏è‚ù§Ô∏è	{'neg': 0.0, 'neu': 0.9, 'pos': 0.1, 'compound': 0.4404}
	{'neg': 0.0, 'neu': 0.0, 'pos': 0.0, 'compound': 0.0}
"@BorisJohnson You're wrong. At least 70% think it's in their name, and are proud of it. Monitor üá∑üá∫ telegram channels - millions blood-thirsty West-hating GreatRussia maniacal zombies.  
Putin's been cloning orcs for 20 years under your nose. 
üá∫üá¶ paying the price of your blindness #NotJustPutin"	{'neg': 0.089, 'neu': 0.848, 'pos': 0.063, 'compound': -0.0772}
@_GlobalCrisis_ The obvious danger of such an earthquake is that it generates #tsunamis. Only a coalition of #CreativeSociety scientists can find a solution to keep people safe from such phenomena #GlobalCrisis #WeWant2Live	{'neg': 0.09, 'neu': 0.771, 'pos': 0.138, 'compound': 0.2023}
	{'neg': 0.0, 'neu': 0.0, 'pos': 0.0, 'compound': 0.0}
	{'neg': 0.0, 'neu': 0.0, 'pos': 0.0, 'compound': 0.0}
	{'neg': 0.0, 'neu': 0.0, 'pos': 0.0, 'compound': 0.0}
@8cuddlyskz @seungdduk do you wanna come in?üëÄ	{'neg': 0.0, 'neu': 1.0, 'pos': 0.0, 'compound': 0.0}
	{'neg': 0.0, 'neu': 0.0, 'pos': 0.0, 'compound': 0.0}
"The only reason for negotiations is to get the humanitarian convoys out. However, every single time there is an agreement with #ru, the convoys are being shot at.

#StopPutinNOW https://t.co/Fs8T64alEj"	{'neg': 0.0, 'neu': 0.901, 'pos': 0.099, 'compound': 0.4939}
	{'neg': 0.0, 'neu': 0.0, 'pos': 0.0, 'compound': 0.0}
	{'neg': 0.0, 'neu': 0.0, 'pos': 0.0, 'compound': 0.0}
	{'neg': 0.0, 'neu': 0.0, 'pos': 0.0, 'compound': 0.0}
First of all it's Kyiv, not smth else, but KYIV, second of all it's #Ukraine's not just one city's but country's, and third of all: #EndTheWar in #Ukraine and then we'll see about any. twitter.com/XHNews/status/‚Ä¶	{'neg': 0.0, 'neu': 1.0, 'pos': 0.0, 'compound': 0.0}
	{'neg': 0.0, 'neu': 0.0, 'pos': 0.0, 'compound': 0.0}
	{'neg': 0.0, 'neu': 0.0, 'pos': 0.0, 'compound': 0.0}
	{'neg': 0.0, 'neu': 0.0, 'pos': 0.0, 'compound': 0.0}
@stephenfry Definitely worth a try.  But you need to be careful, over time you will want to use it again and again. üòÅ	{'neg': 0.0, 'neu': 0.674, 'pos': 0.326, 'compound': 0.8248}
"@NudeYogaGirl @DarrenSRS @foundation üôèüèªüôèüèªüôèüèª‚ù§Ô∏è
Thank you dearüôåüèª"	{'neg': 0.0, 'neu': 0.836, 'pos': 0.164, 'compound': 0.6249}
	{'neg': 0.0, 'neu': 0.0, 'pos': 0.0, 'compound': 0.0}
	{'neg': 0.0, 'neu': 0.0, 'pos': 0.0, 'compound': 0.0}
"@ChristaMarkwald We want a reaction from Switzerland!
twitter.com/InnaSovsun/sta‚Ä¶"	{'neg': 0.0, 'neu': 0.815, 'pos': 0.185, 'compound': 0.1511}
	{'neg': 0.0, 'neu': 0.0, 'pos': 0.0, 'compound': 0.0}
	{'neg': 0.0, 'neu': 0.0, 'pos': 0.0, 'compound': 0.0}
"""Everyone who lives in Brussels or can get there tomorrow is encouraged to join the action in support of Ukraine, which will take place on the day of the NATO summit."" ‚Ä¶ https://t.co/w6U4UyztUZ"	{'neg': 0.0, 'neu': 0.802, 'pos': 0.198, 'compound': 0.7506}
	{'neg': 0.0, 'neu': 0.0, 'pos': 0.0, 'compound': 0.0}
@demidovich_film @darklunni @foundation GM Pashaüôèüèªüôèüèªüôèüèª‚òÄÔ∏è	{'neg': 0.0, 'neu': 1.0, 'pos': 0.0, 'compound': 0.0}
	{'neg': 0.0, 'neu': 0.0, 'pos': 0.0, 'compound': 0.0}
	{'neg': 0.0, 'neu': 0.0, 'pos': 0.0, 'compound': 0.0}
"#Mariupol, #Ukraine.
#Russian occupants turn the city into ruins. 
28th day in a row #Russia continues shelling the city, killing and blocking civilians.

#RussiaInvadedUkraine
#StandWithUkraine
#StopRussianAgression
#StopPutin 
#RussianWarCrimes https://t.co/omJ6XIc2JV"	{'neg': 0.276, 'neu': 0.724, 'pos': 0.0, 'compound': -0.872}
	{'neg': 0.0, 'neu': 0.0, 'pos': 0.0, 'compound': 0.0}
	{'neg': 0.0, 'neu': 0.0, 'pos': 0.0, 'compound': 0.0}
	{'neg': 0.0, 'neu': 0.0, 'pos': 0.0, 'compound': 0.0}
	{'neg': 0.0, 'neu': 0.0, 'pos': 0.0, 'compound': 0.0}
	{'neg': 0.0, 'neu': 0.0, 'pos': 0.0, 'compound': 0.0}
	{'neg': 0.0, 'neu': 0.0, 'pos': 0.0, 'compound': 0.0}
	{'neg': 0.0, 'neu': 0.0, 'pos': 0.0, 'compound': 0.0}
	{'neg': 0.0, 'neu': 0.0, 'pos': 0.0, 'compound': 0.0}
"@HofSwitzerland We want a reaction from Switzerland!
twitter.com/InnaSovsun/sta‚Ä¶"	{'neg': 0.0, 'neu': 0.815, 'pos': 0.185, 'compound': 0.1511}
	{'neg': 0.0, 'neu': 0.0, 'pos': 0.0, 'compound': 0.0}
	{'neg': 0.0, 'neu': 0.0, 'pos': 0.0, 'compound': 0.0}
"White phosphorus munitions dumb dropped on Irpin city, near of Kyivüíî 

@POTUS @naftalibennett @EmmanuelMacron @Bundeskanzler
#RussianUkrainianWar  #StopRussianAggression #StopRussia #StopPutin #UkraineUnderAtta—Åk https://t.co/CAcpj55SJl"	{'neg': 0.234, 'neu': 0.766, 'pos': 0.0, 'compound': -0.7506}
	{'neg': 0.0, 'neu': 0.0, 'pos': 0.0, 'compound': 0.0}
	{'neg': 0.0, 'neu': 0.0, 'pos': 0.0, 'compound': 0.0}
	{'neg': 0.0, 'neu': 0.0, 'pos': 0.0, 'compound': 0.0}
	{'neg': 0.0, 'neu': 0.0, 'pos': 0.0, 'compound': 0.0}
@el_nuaaa @sashaku9292 @UnknownCo123 @manuelvelez_1 Thanks a lot my dear üôèüèª‚ù§Ô∏è	{'neg': 0.0, 'neu': 0.718, 'pos': 0.282, 'compound': 0.6705}
	{'neg': 0.0, 'neu': 0.0, 'pos': 0.0, 'compound': 0.0}
	{'neg': 0.0, 'neu': 0.0, 'pos': 0.0, 'compound': 0.0}
	{'neg': 0.0, 'neu': 0.0, 'pos': 0.0, 'compound': 0.0}
@IcedLevi Are you that bored and seek for attention that much?	{'neg': 0.174, 'neu': 0.826, 'pos': 0.0, 'compound': -0.2732}
"@spschweiz @meyer_mattea @cedricwermuth We want a reaction from Switzerland!
twitter.com/InnaSovsun/sta‚Ä¶"	{'neg': 0.0, 'neu': 0.85, 'pos': 0.15, 'compound': 0.1511}
	{'neg': 0.0, 'neu': 0.0, 'pos': 0.0, 'compound': 0.0}
	{'neg': 0.0, 'neu': 0.0, 'pos': 0.0, 'compound': 0.0}
They are literally holding the entire planet hostage with their threats to use nuclear weapons.	{'neg': 0.305, 'neu': 0.695, 'pos': 0.0, 'compound': -0.6908}
"@srfnews We want a reaction from Switzerland!
twitter.com/InnaSovsun/sta‚Ä¶"	{'neg': 0.0, 'neu': 0.815, 'pos': 0.185, 'compound': 0.1511}
	{'neg': 0.0, 'neu': 0.0, 'pos': 0.0, 'compound': 0.0}
	{'neg': 0.0, 'neu': 0.0, 'pos': 0.0, 'compound': 0.0}
"Money that Russia earns from trade is used to finance Russian army, and so for killing Ukrainians, destroying Ukrainian cities, threatening the world with a nuclear disaster.
Please, stop any traffic of goods and transport from/to Russia. Please, block the aggressor's trade."	{'neg': 0.351, 'neu': 0.572, 'pos': 0.077, 'compound': -0.9537}
"I am in Chernihiv today. The city has not had electricity for a week. But it does not give up. Every inhabitant of this city is a hero!

#SaveUkraine #saveChernihiv #WARINUKRAINE #RussianAggression https://t.co/PMgbLHppoP"	{'neg': 0.0, 'neu': 0.86, 'pos': 0.14, 'compound': 0.7345}
	{'neg': 0.0, 'neu': 0.0, 'pos': 0.0, 'compound': 0.0}
	{'neg': 0.0, 'neu': 0.0, 'pos': 0.0, 'compound': 0.0}
	{'neg': 0.0, 'neu': 0.0, 'pos': 0.0, 'compound': 0.0}
"@ParlCH @tradegovuk We want a reaction from Switzerland!
twitter.com/InnaSovsun/sta‚Ä¶"	{'neg': 0.0, 'neu': 0.834, 'pos': 0.166, 'compound': 0.1511}
	{'neg': 0.0, 'neu': 0.0, 'pos': 0.0, 'compound': 0.0}
	{'neg': 0.0, 'neu': 0.0, 'pos': 0.0, 'compound': 0.0}
"@Bundeskanzler If putin and russia are not stopped in Ukraine, the war will come to you. Do not doubt. russians are already flying over Ukraine with planes with the inscription ""to Berlin"", so help stop Ukraine's war before it's too late!
#SaveUkraine #stopputin #stoprussia"	{'neg': 0.189, 'neu': 0.681, 'pos': 0.13, 'compound': -0.6489}
	{'neg': 0.0, 'neu': 0.0, 'pos': 0.0, 'compound': 0.0}
	{'neg': 0.0, 'neu': 0.0, 'pos': 0.0, 'compound': 0.0}
I can see why they might think that. twitter.com/kevinrothrock/‚Ä¶	{'neg': 0.0, 'neu': 1.0, 'pos': 0.0, 'compound': 0.0}
"@Bundeskanzler If putin and russia are not stopped in Ukraine, the war will come to you. Do not doubt. russians are already flying over Ukraine with planes with the inscription ""to Berlin"", so help stop Ukraine's war before it's too late!
#SaveUkraine #stopputin #stoprussia"	{'neg': 0.189, 'neu': 0.681, 'pos': 0.13, 'compound': -0.6489}
	{'neg': 0.0, 'neu': 0.0, 'pos': 0.0, 'compound': 0.0}
	{'neg': 0.0, 'neu': 0.0, 'pos': 0.0, 'compound': 0.0}
"@Bundeskanzler If putin and russia are not stopped in Ukraine, the war will come to you. Do not doubt. russians are already flying over Ukraine with planes with the inscription ""to Berlin"", so help stop Ukraine's war before it's too late!
#SaveUkraine #stopputin #stoprussia"	{'neg': 0.189, 'neu': 0.681, 'pos': 0.13, 'compound': -0.6489}
	{'neg': 0.0, 'neu': 0.0, 'pos': 0.0, 'compound': 0.0}
	{'neg': 0.0, 'neu': 0.0, 'pos': 0.0, 'compound': 0.0}
@LinkaStudentki GM, dear üïä	{'neg': 0.0, 'neu': 0.536, 'pos': 0.464, 'compound': 0.3818}
	{'neg': 0.0, 'neu': 0.0, 'pos': 0.0, 'compound': 0.0}
"@Violapamherd @GaschLoic @WorldAthletics @SwissAthletics We want a reaction from Switzerland!
twitter.com/InnaSovsun/sta‚Ä¶"	{'neg': 0.0, 'neu': 0.863, 'pos': 0.137, 'compound': 0.1511}
	{'neg': 0.0, 'neu': 0.0, 'pos': 0.0, 'compound': 0.0}
	{'neg': 0.0, 'neu': 0.0, 'pos': 0.0, 'compound': 0.0}
	{'neg': 0.0, 'neu': 0.0, 'pos': 0.0, 'compound': 0.0}
Ukraine‚Äôs wishlist twitter.com/podolyak_m/sta‚Ä¶	{'neg': 0.0, 'neu': 1.0, 'pos': 0.0, 'compound': 0.0}
	{'neg': 0.0, 'neu': 0.0, 'pos': 0.0, 'compound': 0.0}
"@USAmbNATO @USNATO @POTUS Ukraine: we need help, closed skies, planes, heavy air defense, heavy weapons.
West: We confiscated Abromovich's yacht and banned Louis Vuitton's exports"	{'neg': 0.19, 'neu': 0.675, 'pos': 0.135, 'compound': -0.4019}
	{'neg': 0.0, 'neu': 0.0, 'pos': 0.0, 'compound': 0.0}
	{'neg': 0.0, 'neu': 0.0, 'pos': 0.0, 'compound': 0.0}
"@ParmelinG @NOIweala @wto We want a reaction from Switzerland!
twitter.com/InnaSovsun/sta‚Ä¶"	{'neg': 0.0, 'neu': 0.85, 'pos': 0.15, 'compound': 0.1511}
	{'neg': 0.0, 'neu': 0.0, 'pos': 0.0, 'compound': 0.0}
	{'neg': 0.0, 'neu': 0.0, 'pos': 0.0, 'compound': 0.0}
"Giving anyone who doesn't tweet about the Roblox audio issue today $1,000,000 robux
#Roblox twitter.com/infcanvas/stat‚Ä¶"	{'neg': 0.0, 'neu': 0.854, 'pos': 0.146, 'compound': 0.34}
@LiamShannon01 Random Premium 1 key. If it's really premium, of course)	{'neg': 0.0, 'neu': 1.0, 'pos': 0.0, 'compound': 0.0}
"@ignaziocassis @SwissUA We want a reaction from Switzerland!
twitter.com/InnaSovsun/sta‚Ä¶"	{'neg': 0.0, 'neu': 0.834, 'pos': 0.166, 'compound': 0.1511}
	{'neg': 0.0, 'neu': 0.0, 'pos': 0.0, 'compound': 0.0}
	{'neg': 0.0, 'neu': 0.0, 'pos': 0.0, 'compound': 0.0}
"‚ô®Ô∏è Ukraine's military surround the towns of Bucha, Irpin and Hostomel near Kyiv.

It means that the Russian troops north-west of Kyiv are now encircled."	{'neg': 0.0, 'neu': 1.0, 'pos': 0.0, 'compound': 0.0}
"After some drawing, I re-made my Mariupol control map.

Red lines are Russian forces positions, arrows are main axis of attack.

Purple is Kalmius river, unlikely it will be crossed.

Blue lines are strong Ukr positions, dotted blue line are retreating Ukr positions. twitter.com/IntelArrow/sta‚Ä¶ https://t.co/CebC9sVQgW"	{'neg': 0.063, 'neu': 0.87, 'pos': 0.067, 'compound': 0.0516}
	{'neg': 0.0, 'neu': 0.0, 'pos': 0.0, 'compound': 0.0}
I spoke to my relatives from the village in the occupied territory close to Chernihiv. They said 3 villages were completely wiped out by rus. They come with AK47s and loot the houses: you can find heads of the stolen and butchered pigs on the streets #StopRussia #StandWithUkraine	{'neg': 0.064, 'neu': 0.936, 'pos': 0.0, 'compound': -0.4939}
	{'neg': 0.0, 'neu': 0.0, 'pos': 0.0, 'compound': 0.0}
"While #TornadoWarning continues for Andalusia AL, River Falls AL, Carolina AL - save&amp;follow this #americanredcross tips to stay safe.

redcross.org/get-help/how-t‚Ä¶"	{'neg': 0.0, 'neu': 0.868, 'pos': 0.132, 'compound': 0.4404}
	{'neg': 0.0, 'neu': 0.0, 'pos': 0.0, 'compound': 0.0}
@polinawashingtn Fantastic works üòç	{'neg': 0.0, 'neu': 0.431, 'pos': 0.569, 'compound': 0.765}
	{'neg': 0.0, 'neu': 0.0, 'pos': 0.0, 'compound': 0.0}
"@AdamsCryptovrs @anabelleuk @Kasparov63 Pretty much, but considering the current responses to threats from Russia to NATO, I'm going to assume that nothing bad would happen worldwide.
Everything I know and love might get destroyed, but the world at large should remain safe and sound."	{'neg': 0.13, 'neu': 0.618, 'pos': 0.252, 'compound': 0.8188}
	{'neg': 0.0, 'neu': 0.0, 'pos': 0.0, 'compound': 0.0}
	{'neg': 0.0, 'neu': 0.0, 'pos': 0.0, 'compound': 0.0}
@ConyazoMas They already said this on their state tv	{'neg': 0.0, 'neu': 1.0, 'pos': 0.0, 'compound': 0.0}
"@sonntagszeitung We want a reaction from Switzerland!
twitter.com/InnaSovsun/sta‚Ä¶"	{'neg': 0.0, 'neu': 0.815, 'pos': 0.185, 'compound': 0.1511}
	{'neg': 0.0, 'neu': 0.0, 'pos': 0.0, 'compound': 0.0}
	{'neg': 0.0, 'neu': 0.0, 'pos': 0.0, 'compound': 0.0}
Air is considered clean when this value is 50 or below. https://t.co/ulQ8S0SNJu	{'neg': 0.0, 'neu': 0.662, 'pos': 0.338, 'compound': 0.6249}
@mcthildetrcn THAT RIGHT, DARLING YOU‚ÄôRE THE ONE I WANT	{'neg': 0.0, 'neu': 0.516, 'pos': 0.484, 'compound': 0.7626}
"@grunliberale @corinagredig @KatjaChrist We want a reaction from Switzerland!
twitter.com/InnaSovsun/sta‚Ä¶"	{'neg': 0.0, 'neu': 0.85, 'pos': 0.15, 'compound': 0.1511}
	{'neg': 0.0, 'neu': 0.0, 'pos': 0.0, 'compound': 0.0}
	{'neg': 0.0, 'neu': 0.0, 'pos': 0.0, 'compound': 0.0}
"@RolaFir @grunliberale We want a reaction from Switzerland!
twitter.com/InnaSovsun/sta‚Ä¶"	{'neg': 0.0, 'neu': 0.834, 'pos': 0.166, 'compound': 0.1511}
	{'neg': 0.0, 'neu': 0.0, 'pos': 0.0, 'compound': 0.0}
	{'neg': 0.0, 'neu': 0.0, 'pos': 0.0, 'compound': 0.0}
"@corinagredig @KatjaChrist We want a reaction from Switzerland!
twitter.com/InnaSovsun/sta‚Ä¶"	{'neg': 0.0, 'neu': 0.834, 'pos': 0.166, 'compound': 0.1511}
	{'neg': 0.0, 'neu': 0.0, 'pos': 0.0, 'compound': 0.0}
	{'neg': 0.0, 'neu': 0.0, 'pos': 0.0, 'compound': 0.0}
"I feel ashamed for writing code to integrate Patreon service in one of the project I was working on
FYI: Patreon is one of the services who is still working in russia
#ShameOnYouPatreon"	{'neg': 0.085, 'neu': 0.846, 'pos': 0.069, 'compound': -0.1449}
"""Brave Poles there will be nothing left of your Warsaw in half a second. Brave Germans, brave Estonians, brave Baltics..It seems to me Lithuania and Poland behave too boldly."" 

These people are insane. And delusional. And.. did i mention insane? twitter.com/carlbildt/stat‚Ä¶"	{'neg': 0.117, 'neu': 0.594, 'pos': 0.29, 'compound': 0.891}
	{'neg': 0.0, 'neu': 0.0, 'pos': 0.0, 'compound': 0.0}
	{'neg': 0.0, 'neu': 0.0, 'pos': 0.0, 'compound': 0.0}
	{'neg': 0.0, 'neu': 0.0, 'pos': 0.0, 'compound': 0.0}
@triplemeister True, but air support might not mean much if the troops it's supposed to support are deprived of fuel, food and ammunition.	{'neg': 0.129, 'neu': 0.591, 'pos': 0.28, 'compound': 0.5927}
Well that's a relief twitter.com/POTUS/status/1‚Ä¶	{'neg': 0.0, 'neu': 0.366, 'pos': 0.634, 'compound': 0.6369}
	{'neg': 0.0, 'neu': 0.0, 'pos': 0.0, 'compound': 0.0}
"@SVPch @SandroBrotz We want a reaction from Switzerland!
twitter.com/InnaSovsun/sta‚Ä¶"	{'neg': 0.0, 'neu': 0.834, 'pos': 0.166, 'compound': 0.1511}
	{'neg': 0.0, 'neu': 0.0, 'pos': 0.0, 'compound': 0.0}
	{'neg': 0.0, 'neu': 0.0, 'pos': 0.0, 'compound': 0.0}
"@FDP_Liberalen We want a reaction from Switzerland!
twitter.com/InnaSovsun/sta‚Ä¶"	{'neg': 0.0, 'neu': 0.815, 'pos': 0.185, 'compound': 0.1511}
	{'neg': 0.0, 'neu': 0.0, 'pos': 0.0, 'compound': 0.0}
	{'neg': 0.0, 'neu': 0.0, 'pos': 0.0, 'compound': 0.0}
#Mariupol #Ukraine ü•≤üò° Every üá∑üá∫ invader will burn in hell for that! It is not a liberation operation as #Putin says, it‚Äôs a massacre of Ukrainian civilians. #–í–∏—Å—Ç–æ—ó–º–æ #StopPutinNOW #StopRussianAggression twitter.com/den_kazansky/s‚Ä¶	{'neg': 0.133, 'neu': 0.867, 'pos': 0.0, 'compound': -0.7088}
	{'neg': 0.0, 'neu': 0.0, 'pos': 0.0, 'compound': 0.0}
	{'neg': 0.0, 'neu': 0.0, 'pos': 0.0, 'compound': 0.0}
	{'neg': 0.0, 'neu': 0.0, 'pos': 0.0, 'compound': 0.0}
	{'neg': 0.0, 'neu': 0.0, 'pos': 0.0, 'compound': 0.0}
	{'neg': 0.0, 'neu': 0.0, 'pos': 0.0, 'compound': 0.0}
Saw this start to be mentioned yesterday, but didn't want to share this until it came from official sources. Could be looking at up to 10,000 Russians trapped in a pocket. twitter.com/IAPonomarenko/‚Ä¶	{'neg': 0.222, 'neu': 0.778, 'pos': 0.0, 'compound': -0.8055}
"@MajaRiniker @EdithGraf @SRF @FDP_Liberalen @FDPFrauenCH @fdp_ag We want a reaction from Switzerland!
twitter.com/InnaSovsun/sta‚Ä¶"	{'neg': 0.0, 'neu': 0.883, 'pos': 0.117, 'compound': 0.1511}
	{'neg': 0.0, 'neu': 0.0, 'pos': 0.0, 'compound': 0.0}
	{'neg': 0.0, 'neu': 0.0, 'pos': 0.0, 'compound': 0.0}
	{'neg': 0.0, 'neu': 0.0, 'pos': 0.0, 'compound': 0.0}
	{'neg': 0.0, 'neu': 0.0, 'pos': 0.0, 'compound': 0.0}
	{'neg': 0.0, 'neu': 0.0, 'pos': 0.0, 'compound': 0.0}
